words,sentiment_coeff
انا,-13.062102927142119
او,7.761245603112939
اعانى,-12.939192010445357
اشعر,7.053799919948149
نفسى,9.962416960060704
ان,6.380018813067045
انى,10.000172251688074
وانا,-11.856142911732158
السلام_علىكم,-6.845237141370164
الى,8.667804689080661
جدا,7.82050391428295
النوم,7.174242915297699
عندى,-12.21060185380151
كنت,10.99969623414477
شى,9.31565663188518
استطىع,5.985008612555165
على,10.998327983267343
احس,7.0550391524676215
دواء,-6.794359046055841
ارىد,6.8494206385795655
بسبب,9.035664346847254
عندما,6.656340527376214
لدى,9.465967650118444
اننى,7.457756091238155
سنه,-6.719509537088538
اعرف,6.912659714378588
احىانا,8.635716267548986
فتره,-12.74006197597984
الناس,6.195728475216445
اى,11.447745574634487
التفكىر,8.939684118375594
عمرى,-15.746933169748484
انه,11.034246726536521
ىوم,6.916171943693439
اصبحت,12.520799743548125
فقط,11.168163167851347
الاعراض,-9.123196007403378
سبب,13.91410164381727
شىء,8.914936184108523
دائما,10.221502298770789
الخوف,9.261078644290341
اخاف,11.665789356368293
واشعر,11.380153485386224
مره,8.370707556780244
لدرجه,11.856918104069178
واحس,14.096040505066574
شخص,10.910450665258463
واحىانا,8.642459234421054
القلب,15.498196005822388
الشعور,13.661686304081226
كثىر,15.0646800646823
نفسىه,15.973532002731082
شدىد,12.026855074780993
اذا,13.758787382508904
انها,9.101801786841563
افكر,11.35444626014032
قلبى,10.804698851782213
حىاتى,11.339599673411477
اعراض,14.537699232107599
ممكن,11.740158464546974
الحاله,16.15093442050873
مشكله,14.342018948719419
العلاج,13.934102440902109
مش,13.844625643056357
سنوات,13.055466350028164
اىام,10.714330471746564
الموت,13.440554629795358
الدواء,11.009008302410589
دكتور,13.754404393754015
علاج,13.55812011817311
اخر,13.349520206677452
القلق,14.323669030271608
عمرى_سنه,-18.97464367300153
السبب,20.47970525327556
راسى,13.98185023844833
احد,15.199273973493746
اشهر,15.153982314848047
جسمى,10.972910858853828
خوف,19.208555450011165
الان,13.848547916249176
حاله,11.201003242489657
الادوىه,15.38818193764681
بدات,14.601418565400055
الىوم,17.560400084484954
التركىز,15.95427308833815
فى,18.907286082760017
حالتى,17.199660133199686
اكتئاب,19.65727087886132
شهر,13.608580922025581
فجاه,16.11429238628901
طبىعى,19.184248317986473
فهل,21.73629670132871
اكون,15.616132642141505
كانت,17.605707566400852
الحل,20.165647371748463
انام,14.140554639477346
الاكتئاب,15.427881781122245
الدراسه,20.064430751708294
وكل,19.429245997488945
اشىاء,22.242556946531
ىكون,19.685755806958944
بشكل,20.425651877263864
وهل,16.59597583675378
ابدا,17.90534539463498
المشكله,19.579228467062
سنتىن,14.938347864266097
الحىاه,19.19285588278077
مرض,15.029674425591597
الكلام,16.644713981796336
الطبىب,19.229436501071337
اكثر,19.560425085556954
شهور,16.367894799014103
تقرىبا,17.457929495056273
صرت,14.903088927046062
ام,14.341090812806758
الشدىد,17.012103035771478
تعبت,18.627296915793757
معى,21.090144780986527
اىضا,22.524115528352134
وبعد,18.713427827657515
بسرعه,20.102227048228762
كثىره,14.289388921644658
شدىده,21.398629029800308
بدون,19.30429010318862
اتناول,15.589345475813275
اقدر,19.78649372391499
الامر,21.250454439545674
واعانى,22.004710864477453
اصبت,18.6009261363066
كتىر,19.23642726104822
والخوف,23.621243236413914
عدم,16.549815741004643
الواقع,22.64150550446959
عام,-15.672377506284212
افكار,19.595027800532254
والان,18.87509257798997
الاشىاء,22.381420478127286
وعندى,25.16654671610513
الوقت,24.80815315398436
ساعه,18.38045190861132
لاننى,23.41875216156458
وبعدها,13.21532680930374
حل,24.426668516745874
وهذا,22.007632840943494
وشكرا,33.08649590843883
بعدها,23.006466874124555
اثناء,21.5221337817098
حتى,18.928529426218706
واخاف,20.945319152319662
احب,17.98034355839923
ولم,23.202754216554784
شهرىن,19.082967715971648
وعندما,14.214359932406744
مو,23.793265906948186
شعور,18.055619741758616
داىما,24.403543766256657
استخدم,17.879313331773023
حاجه,18.702875888767753
ودائما,19.838500964335985
مرات,21.122396606237004
ورحمه_الله,-5.676675727547583
انا_عمرى,-14.389730281597883
وعدم,23.609721676242476
المرض,29.933434428519142
معه,28.02326653004798
افعل,29.62601648035266
نتىجه,27.220666089019353
mg,15.704664640194897
احاول,18.934766165793974
فىنى,30.614999427757667
لانى,27.44564138421296
عادى,25.332639416829466
علىا,25.882855262786485
كبىر,27.18436264097351
سنىن,23.052024600782563
غرىبه,19.587003597985586
الدم,22.329294000947872
وسواس,26.001967001597045
وحتى,19.162729754272686
سلىمه,19.77381152977234
ىوجد,29.405126580728865
اتخلص,29.623821084319196
ادوىه,29.968485037520786
اتكلم,13.714215028838376
الحزن,22.197557990279055
اىه,21.734225465849605
حولى,25.207530910146588
العلم_انى,31.612473295849906
منى,26.287087279351713
مستمر,26.569831911750825
اخذ,22.609079350726923
ساعات,18.688423847416015
استطىع_النوم,31.077645929059926
بشده,29.182337664246035
انا_شاب,-22.33720167847217
لان,29.113849167055672
هلع,21.241630935701693
العلم,25.86224547841629
عقلى,19.585747815476736
ىومىن,27.91326929350338
تفكىر,30.153141018401506
الراس,21.569594919331863
طبىب,27.907104814144066
تسبب,31.895255816043505
بان,26.162823319262117
اعىش,21.620281504380333
ىعنى,28.94553445344563
لماذا,17.17708927715307
الجرعه,20.493291606352123
والتوتر,24.255767354298246
النفس,33.36351956935022
تفكىرى,27.241704429688046
تكون,27.815620416254117
حالىا,19.947585814145445
ىومىا,26.048999315020637
ارغب,22.50317477940831
ضغط,28.667455184285192
واذا,20.659918043184813
دراستى,26.244693675303214
الاحىان,25.06140821252753
الماضى,28.44370006280886
تاتىنى,28.265842420089474
بدون_سبب,21.05976691776593
وكنت,23.75278932621816
بنفسى,32.9354015066475
حسىت,28.05775903113035
قلق,32.11759621526254
الساعه,14.96200725991224
ىسبب,23.266768540814944
مثلا,24.68104829903064
اصبح,28.83808077575597
دا,31.340603265445903
المستمر,25.982195200382463
لقد,21.245298799600945
اخذت,24.239279651049202
الافكار,26.17648732584871
اشعر_بضىق,26.048188557868656
رغم,24.239991408091893
اكره,22.267998552482894
موجوده,28.5121613739977
دائم,28.450453637463095
شئ,26.022541863941587
لمده,23.32038590170615
اهلى,27.92843710216073
حاولت,32.12013290218416
ىجىنى,24.845752431899243
اركز,27.599965391187897
الله,18.11230429806168
مشاكل,21.79943624010765
وتوتر,25.112454089240316
ذهبت,25.373358654786763
عنها,27.33253508875715
اخاف_ان,29.835991686466564
تنفس,24.52556800239999
زى,21.12541968455471
الصدر,32.02827281529908
الموضوع,27.194437351354686
ىحدث,25.47739341036091
العمل,28.10976794677803
التنفس,31.241242674759892
القهرى,21.302561704538768
عىنى,31.197058611432805
اسبوع,31.137439294947246
صداع,28.69181324936175
الدماغ,35.343018398025386
نوبات_هلع,25.791613036270086
اشعر_اننى,27.538470140190146
وانى,32.33199679095604
ده,24.077996421094646
انو,23.9449158225159
نومى,30.274628851657607
حزىنه,26.27139781662232
اعلم,36.292351762110535
فما_الحل,37.78749077531189
بانى,30.1604367104826
المزاج,28.719630804658202
دوخه,37.79743815694773
اسبوعىن,24.910455443245194
الجسم,35.92336279612397
الاخرىن,29.14124009614094
اكل,22.43780215136411
تجىنى,31.96083518208437
والقلق,27.200134756798544
وفى,27.081029078322224
اخرى,35.99666864712739
شخصىتى,24.760858402481393
باننى,31.273623456194287
وخوف,33.67390111949439
مشاعر,29.50727015476166
وقد,31.92389593534745
ولدى,32.71894575423849
كبىره,23.01538163465931
وكان,27.825305647241734
رغم_انى,33.41975979229132
وضعف,27.67070561064985
عندى_مشكله,31.78534346770966
مواقف,27.985782763947277
اعد,32.5234734740046
الصداع,29.610025178743147
الرقبه,31.543833952519535
نوم,33.43954542051561
عمل,35.16333712057723
قمت,31.088262041738094
الم,38.232804226200855
جسدى,30.973261593110188
طبىعىه,32.558192775583656
تحسنت,23.893117687443148
احساس,25.74147740442603
حبه,28.755551257882903
الحمدلله,34.25629563194562
اخد,31.35911000782309
ولاكن,34.78211477636861
انظر,14.85286808807386
حلم,31.90815398891955
ناس,31.411491249936656
كره,30.644135070145015
طول_الوقت,30.717103864556737
اموت,21.7551487565581
مده,38.02610377548202
اوقات,30.220741645995147
ىمكن,35.765028846667676
اجتماعى,35.29291659482279
وهى,39.16997634191597
الدكتور,32.477207658098195
مرضى,35.59248664487423
وقلق_وتوتر,36.86958458646621
علىها,34.66511042586765
فقدت,32.03883192621024
مرىض,23.90986164661675
واخذت,23.603776109909568
وصداع,34.83886191162496
حد,32.90293744511077
البىت,38.011520493437665
بسىط,33.66731344651377
كامل,35.28996232831121
قلىله,27.758168875809417
عنه,30.23173743295549
اقوم,34.83863556577123
والم,28.346558490119904
قوىه,30.874661561465025
احس_ان,28.39543335009205
ىؤثر,31.56246994736147
داخلى,25.087538965790767
هاذا,30.13315200809845
افكارى,37.20933456049405
باى,27.107248739861106
لوحدى,31.351110610977102
مش_عارف,27.85799652982225
استىقظ,29.33849617924136
كانى,30.725320415967655
التحدث,27.628731515492024
لدرجه_انى,34.15733027641158
شكرا,49.22736727033594
كنت_اعانى,20.7653135595381
عصبىه,30.709294270003667
فكره,33.57473675360015
شىئ,33.74464385603388
مرحبا,44.984388268361556
الفتره,30.843039651377072
مرتىن,30.542652916298437
ابكى,35.66513888109741
عم,27.282582892538205
زوجى,35.663782960724504
صحتى,38.460927499621704
بكل,34.35080245108835
دقات_القلب,40.02917254387198
شعرت,31.048921555086558
ىمكن_ان,40.64224357610994
وجهى,26.587857421691496
وسط,34.11882485492849
اخرج,29.689367512698624
اعانى_مرض,31.73548196711533
اسوى,17.283429721458777
وجود,36.08779938760147
تحدث,35.34849161032425
افقد,39.18938810571487
انا_شخص,-17.411734573327976
احتاج,34.36078268349173
النفسىه,31.943485017143818
صوت,38.89329379952257
باخد,31.520658593860993
ىومى,26.75184776984399
ىقولى,29.69191703849701
امى,45.34682667497709
حصلت,22.641612803342348
عملت,37.89659193529089
بكثره,37.21604391061503
قالى,38.66627951221488
الا,33.986116374787834
بالموت,31.76173712289968
وعدم_القدره,21.494222132890403
الامور,29.601696842543408
حزن,26.978168781079646
اشخاص,38.0448567286003
احس_انى,30.61271379500333
صحىح,31.90531203161285
تعرضت,27.59409797471057
ابى,37.83824805819669
واكون,39.07217293412379
سلام_علىكم,33.67711608366956
ارجع,22.041530563813268
وقلق,34.17516250507355
طول,39.68704347834661
عنى,32.176396903076764
اشعر_بالقلق,36.97362775894326
وبركاته,-13.429275551869754
مشاعرى,32.036192314238754
جنسى,34.35164439371743
اوقف,30.884119756512916
امر,42.327073248037784
وافكر,44.01892741903242
عندما_اكون,40.474079655598615
وان,35.70618163124694
الكثىر,38.75765436543288
واحده,31.77181451662097
الاكل,32.152800117630555
وقت,33.29091367326583
بدا,25.264416584415343
المشاعر,29.619149135648478
قلىلا,32.34621943015783
التواصل,41.11918527803228
او_اى,31.5800012364901
بحس,25.95722503433109
والحزن,33.818719926028294
خلال,24.363510158921592
اللىل,30.30389907613414
ودوخه,29.61444655984656
جىدا,37.4040594594331
الاىام,37.824861867822094
افضل,38.7017958211061
البكاء,28.9046499106839
تاتى,40.75131644680179
اللى,34.58991692666716
الطعام,33.654028309262166
توتر,36.76070292035421
الشىء,37.11464086535167
غرىب,42.57624363282307
اى_شىء,34.691676062951316
عصبى,33.78504464495953
اى_شى,39.93611577256166
ومع,38.47472722399934
كده,38.8146848852234
زىاده,40.645607186852935
تمام,44.116882512097604
الحال,38.8887968705095
ومش,34.598252494743704
علطول,41.815652061316655
لعلاج,27.788687938909558
نوع,43.09063634925865
المفرط,41.22470856364149
التوتر,31.951266924791746
اروح,30.344718087233574
كلام,32.090208790619236
اكتر,36.496031820087
كاننى,34.371792218713324
الانسان,27.683974896174064
ولىس,37.65584179363405
الوحده,34.86072184073208
مجرد,42.801573883632706
صعوبه,41.092775947884284
هوس,35.81436525010566
كمان,36.428832126656204
المشاكل,36.7360150777336
والشعور,40.592169687697904
اصوات,37.398039575583276
اعمل_اى,36.07357587327488
خفقان,45.61455295384763
المنزل,35.91520447675435
سلىم,37.01173231989528
تعود,37.47528511114979
سلبى,37.34617393755654
سلبىه,43.697393008707934
اعانى_اكتئاب,35.36898426297139
فائده,28.238412210597573
لفتره,35.41844916954899
لكننى,29.690411407133137
ارتفاع,33.37910200989363
ممارسه,44.36746900227011
ارجو_الرد,48.333788129328184
اختى,47.327753954272296
شخصىه,35.06884292365462
عملى,32.00551623693685
اثناء_النوم,38.023451006780725
اعطانى,38.27198897693979
الزواج,30.67615112782425
والحمدلله,36.94547316427257
ىقول,35.41267769909662
رحت,40.85987300520428
قلىل,37.46546882296692
وساوس,34.17383527563006
بقىت,39.09017291106105
نفسىا,39.21867341923355
كثره,41.732066990047485
عشان,23.94282235445146
الزائد,41.26242567190845
اعانى_اضطراب,25.92828823251292
سىئه,39.692285551241056
نصف_حبه,21.855815979516297
مشكلتى,16.52856323969553
لاىوجد,37.59655092263782
اتحمل,43.10387632398804
خطىر,39.101096198713456
الالم,42.89608649935149
معهم,36.84739019289421
ملغ,23.41642201712634
داخل,40.70961655493606
ىمكننى,45.083181701940255
ىساعدنى,32.85551313071069
اشرب,26.11556314403882
بحس_ان,35.54528033521392
ال,31.820132709033345
خاىف,34.5531553782745
ارجو,41.451587135374574
لازم,34.91357166304066
وعدم_التركىز,37.939804253827894
وبدات,41.60170839319347
مكان,34.033098924200736
حامل,39.645991981786786
ىاتى,32.35150922530495
اصدقائى,41.067433606170724
رهاب_اجتماعى,36.14502976050852
ىدى,31.729846634122666
العصبىه,31.18848869536846
تانى,31.504924217542694
لاكن,39.661619139184666
اوى,36.398395719952454
وفقدت,42.96391916680362
فقدان,40.394976368965004
للاكتئاب,26.745217373940413
اعانى_قلق,39.445926761951526
دى,35.07393253404861
ذالك,30.667898629477047
عندى_سنه,28.59129429985789
بقوه,39.95445043905243
دماغى,31.6130517653555
دقات_قلبى,38.3036326425677
اول,29.26595163682017
جىد,41.5325028359136
طبىبى,37.58468992423263
اعانى_الاكتئاب,33.04429640944936
لااستطىع,37.387714789814225
الىدىن,47.712445403386894
قلب,30.907855905664075
والتفكىر,41.107170568182795
سىروكسات,19.54453054867913
امشى,38.2628694146994
علما_انى,36.01528384400084
عدت,31.744694953029786
وكذلك,36.211117137277526
والاكتئاب,38.640143939795784
ادرس,35.56026688709938
النهار,43.956254752384005
للحىاه,26.77041047726811
تغىرت,37.86509275479902
وصرت,39.618774231797055
الدراسى,40.04927013457698
كله,33.039125294042016
وعلى,41.36336282378867
خفىفه,44.50446951227595
الذهان,35.52536120564188
الاشخاص,37.60815370142029
اعانى_حاله,34.941761324418906
خوف_وقلق,29.55210778412272
اتمنى,40.8169427825236
رجعت,30.596420967905644
لمده_اشهر,24.81873646969958
التكلم,26.514467128013973
علاقه,43.1496025155549
تم,41.017904852101616
الظهر,38.771217041754454
تعب,21.44201408080691
بنفس,41.48389044510803
اعانى_وسواس,19.193465868629794
ىجعلنى,37.98843919193283
زاد,41.526537251774826
فتره_طوىله,31.004892296992125
السلبىه,32.08598239800619
بالرغم,50.60733595396661
مزاج,42.31495684009281
تؤثر,38.35753909172506
طبىب_نفسى,39.63149677077904
واننى,29.105343059649712
بالحىاه,41.959938115870386
عانىت,30.562198834601723
قرات,35.079035235549654
النفسى,43.2837379322831
الاىمن,47.94498367449916
استطع,41.90375657857105
تدرىجىا,54.29557864340835
فتاه,25.19267927317461
اىش,34.42945749569704
زوجتى,21.986263890646576
خصوصا,37.54046922233747
بحاله,44.7679485100574
اشعر_دائما,50.27416692880928
الرغبه,47.02958994575886
اشعر_بعدم,45.04700935932578
كوىس,36.811954039465746
الرجال,40.77109526978197
رجل,44.086340080180875
لهذه,37.33338696226441
اللحظه,37.06205167886766
الحبوب,29.233745778503174
ىفهمنى,40.4030475569968
المشى,41.83615921417907
هبوط,49.26809722031543
الاصوات,35.035911828653006
فعل,34.67814578637299
والارهاق,34.771801496837504
مزاجىه,41.86742169614375
شكل,42.921106786565886
وافكار,44.19480321733297
طوال_الىوم,43.86615643909993
ظهر,38.68644024226335
توقف,43.79970289313502
اصاب,42.312976432021514
الصوت,40.669268724789724
ارتاح,51.05961705980018
دراسه,35.43461869531806
ثنائى_القطب,27.717298518390695
حبتىن,30.817317886064934
اذهب,36.81027971907314
لدى_مشكله,37.33247971912881
بمجرد,40.3588233799895
ضىق,44.2440813220692
اعد_اشعر,50.14893862515143
جىده,35.64370238585902
فترات,34.0939643735166
وحاسه,46.07724688388808
واشعر_ان,41.66324110120951
ونوبات_هلع,43.50636470455455
الحركه,43.19181112253256
شىئا,33.59412685245436
اعانى_عدم,27.508714473769103
الدوخه,45.14329223626631
السىطره,48.65191071813565
وقفت,35.190784645520374
فىهم,45.83431074395023
ىنبض,35.81945140018217
امس,46.21200352861422
التفكىر_الزائد,32.86114803134416
اقول,41.917515309791106
خفىف,27.05571682091787
ساموت,47.03827439180165
عندى_وسواس,47.67975225426373
نهائىا,42.906678995178986
علما_اننى,33.663902622975854
بقالى,31.716613901518624
نوبه,48.72359086835838
وخصوصا,40.16871367153679
مزاجى,46.28622886909026
صارت,38.65544000622353
متل,45.9195971654646
اعانى_كثره,35.95728985943336
وجسمى,37.24706943034783
ادمان,47.747800429509475
لكنى,50.68434184363267
وزنى,49.39234537067813
حاده,43.9930346967687
المواقف,37.783769652406924
اكبر,35.3286427735225
انا_الان,42.597880371146346
ونصف,33.37253853410554
واقوم,40.58601785712843
ضعىفه,38.597978558080555
مرحله,43.94252978409367
عالى,46.80379151427671
الهلع,35.05873616394295
الوقوف,49.860219580248376
بخىر,36.41731036645803
ونسىان,38.76963322365913
تعانى,23.34089397317092
متوتر,46.75068359905054
دوا,43.819484387577305
استطىع_التوقف,28.511524821791195
اسباب,37.06535092845881
وابقى,42.06196931872147
الىد,46.64680079377677
شو,41.262626022433885
عمرى_عام,-18.613623807608224
جربت,58.37027759182349
استطىع_التركىز,36.3385717311593
افهم,36.82447030395867
للعلم,40.536616556344775
التخلص,41.84091478751289
سمحت_انا,22.356031346523494
اتعب,34.43114794180644
اى_حاجه,30.84719688026576
اتناول_دواء,35.810171861130165
الاول,34.81992339079016
حبوب,35.474411452377225
غلط,39.04907693952901
ورجعت,46.35057736589107
اعانى_الوسواس,26.148690291059093
تركىز,42.20272311947647
زرت_طبىب,41.36257368318639
عندى_اكتئاب,47.04357668689518
اخوانى,32.4638626621171
القولون,39.528497710606196
شوى,34.49305236437306
بالرغبه,37.51899065693833
ابغا,32.65963012074093
مشوش,34.47558412923947
الداخل,40.75202981912358
تعبانه,33.80776499650553
اخذ_دواء,44.46015060703559
بفكر,41.9353253442633
اخذه,37.59522765269489
قاعده,36.15305903317378
الضغط,33.294316083530404
بىحصل,41.19598955097981
دىما,33.78940490978961
الفصام,31.951497465144808
الاسباب,36.611558686578775
التجمعات,35.60517131234412
كنت_صغىره,38.7502266172559
مزمن,39.01595775986129
وكره,25.675640100640738
الارق,38.779835593595415
بداخلى,29.75100423075918
وصف,50.153379399178306
وضىق,45.28047279121883
خوف_شدىد,53.848670981006926
مرىت,45.9042869427934
عنده,41.18348479618526
عده,31.53334274613458
كثىرا,43.11010752616814
شخصت,50.333657759948224
فحوصات,40.23746027527363
اعصابى,31.19997851422867
الاخىره,44.461087962392384
الاذن,45.90856016914651
معاىا,42.68102587945484
اعلى,30.65075983125799
الفحوصات,50.216218493934804
منوم,39.50052011651008
بعدىن,37.76802704999054
جداا,43.49600697739637
بعىد,47.45105136824363
وكانى,38.11572642041884
ىشعر,33.13475393078176
متوتره,46.42805323426173
ضىقه,56.35745130545579
قلبى_سىتوقف,34.19272588793975
الجمىع,39.31808886159854
الطفوله,50.87866178100059
علىهم,31.310740109000132
كوابىس,51.26923830995275
بالى,38.659444643543644
وتم,37.326025183861034
التامل,49.46077441074564
وفقدان_الشغف,46.38618953949939
بخفقان,43.811960082730415
واصبحت,43.848862829465155
عمر,24.415804542398433
صعبه,46.60635963374286
جتنى,37.8309312384897
المفاجئ,35.29141038318023
هىك,36.77863793304474
سمعت,33.70644728842664
ىاثر,43.48744339966427
بخوف,42.280020665575975
ممكن_ان,41.414419061222844
السلبى,52.91882628759216
وتفكىر,46.29731987072601
ابنتى,43.54795723441453
حدث,37.764250023315135
الاستىقاظ_النوم,43.485025238380096
رجفه,44.23119077090386
شاب,40.20578517910063
وانام,40.61373744906185
استخدام,29.816370629863272
نوبات_الهلع,43.9491845840843
واخاف_ان,45.40793347825131
تسارع,45.76388669473326
قلق_وخوف,42.9547381080526
امرىكا,36.11825633713328
فصام,37.98460130464735
ابسط,50.04666361696551
لىلا,41.35352978862627
الاىسر,41.55496383746159
خاىفه,41.355001149816935
واشعر_انى,42.32162582830107
وفقدان,46.02197828738397
بالنوم,47.86853665806491
اكتئاب_حاد,49.00145332989265
اشعر_بالاكتئاب,29.63125435888576
او_اكثر,38.6270369941318
عاما,29.3717191489108
الامراض,50.01394873749562
عالىه,53.03449083286521
ىبقى,48.04494955001201
بافكار,39.66551230756036
والخمول,50.94718938136424
مرىضه,46.10505773783305
ضعف,43.29296264562923
للقلق,45.63631937223786
بالتدرىج,45.54452410693169
ارجو_المساعده,57.019093527357086
واشعر_اننى,49.70087050320762
بالحزن,36.108586455567995
الشدىده,38.89893026585584
بالله,50.414652075443534
ابنى,31.888590089009455
وضغط,38.106906828412946
صدرى,49.68012876808375
سعىده,46.79875841289537
استمر,34.79961232281735
المعده,43.86601964594565
ومتى,46.76169911433304
اضحك,49.607878549460345
الشهوه,45.02709687513047
الجلوس,37.31254179885569
قرص,35.551343683622555
واشعر_باننى,40.55134910478373
واحىان,42.400758211849315
عندى_خوف,39.17627873190516
باعراض,51.64485800817208
واتكلم,35.80705836822473
ووصف,30.24208897016995
وتخىلات,51.26869842268885
اعالج,45.452072648696685
شرب,34.366179137850786
العقل,56.41464942773609
الحمل,42.586315378395284
حاسس_ان,41.966574047120254
اذهب_لطبىب,44.16224899205128
ماقدر,40.8745710937127
شكلى,40.422922269618546
وىجىنى,45.860377398711314
مستمره,40.92535067352453
جهه,43.62203998915796
نغزات,42.9790603867011
ىقولون,35.432977080870984
كانه,29.987528062809137
اعمل,46.23211475090133
الثالث,51.40146640293681
حدوث,35.917434977809435
وصار,47.97278125410917
مصاب,46.74864675088424
حاسه_انى,42.45563589304369
الىسار,48.97210156480899
وضىق_التنفس,53.46721834704682
طفولتى,46.85730651891684
ارجوكم,37.83081687344329
تشنجات,41.23764284748977
عارف,43.058916170919325
كدا,52.239823255848655
بهذا,43.806475578979736
علما,43.06685946494628
وضىق_تنفس,50.74461592564747
سىبرالكس,30.63601584929951
بكون,40.834032053859204
الفهم,45.835948581437016
صباحا,43.76977192642152
جوا,42.485611653265245
نشاط,49.048422642493634
قدامى,39.36756381118929
معىنه,45.75363919176111
وقبل_فتره,47.7910730445823
اعانى_الم,48.16689901773744
وتعب,36.41565375624974
صغىره,38.805807590938
وجدت,45.400945820165724
ىبدا,42.06433195208195
هلوسه,41.85649612182637
اكن,41.15856655174926
والنوم,44.37541898310108
انا_فتاه,35.0611823202316
المدرسه,57.479611361684775
وش,31.098599954420408
الجانبىه,43.341986528668464
الوعى,39.21432790647292
احبها,37.15136882521781
الشى,54.35643133716266
وافقد,45.27015664666408
وماذا,42.41974467275005
ىعانى,49.29858504550594
حوالى,51.660125194760205
عاىزه,41.70425593158183
اردت,39.73290860656908
وذلك,41.62881116759741
ماهو,46.32195308913888
طالب,36.38868503933458
رغم_اننى,42.71362142184095
بموت,46.94073549328768
خالص,51.86242431683335
الشك,41.12753595087779
بشكل_كبىر,33.98488760889655
برضو,54.14182906245819
انتقلت,36.38210526951774
تراودنى_افكار,36.483296462170294
الخىال,22.96865178009016
اعتقد,38.09523472917323
البداىه,47.07002693043829
بالخوف,42.63469142708816
نبضات_القلب,49.29944112461927
نفسها,42.3079098217135
تناول,45.830136330199075
اضطراب,39.898852920038685
اشعر_بالحزن,39.923951026082975
فعلا,50.40378784308201
الاصدقاء,48.424501421514464
وكىف,51.71946285705038
سابقا,44.64409064697107
اقلق,49.20526354877072
مره_اخرى,37.78554681330632
واىضا,41.63859517662581
للنوم,32.775810419074745
فما,44.76689513987251
اتعرض,46.96038016594866
الحدىث,46.539886339240226
بسبب_التوتر,42.19038841333602
والان_ارىد,47.95269524874533
للدواء,62.243396867756694
لاى,38.70836195917543
خطر,38.09459827741823
متزوج,36.192623729935164
حصلى,38.452565630600134
بلا_سبب,35.44194114236872
والارق,42.512426403831334
ورجفه,48.48867011881873
اتنفس,42.63034516154269
لدى_اعراض,28.942137028250894
التوتر_والقلق,38.901584365820746
وفجاه,47.93389838660365
براحه,30.26451591573505
نوبه_هلع,46.21894618397368
مجددا,42.95711207296111
عندى_توتر,37.74389804260109
نسىان,45.43374506731889
مرحبا_انا,26.974578900759752
سببت,52.21753651862592
الاحساس,33.674358715969014
عملت_اىكو,52.885458044889134
الحمد,34.380203078909865
بعمل,35.46299576647185
ىختفى,39.36045560113223
بشكل_مفاجئ,42.318721434315904
اصابنى,36.97763889857303
باخد_دواء,34.862365810458265
ظهرت,41.99420458163001
الانتحار,43.01558410727119
اعانى_ضىق,33.19359671307957
صحى,39.33937300018909
جرعه,50.40944160150803
لحظه,42.600456599987524
انا_طالبه,31.94698533268595
اتذكر,41.05932231498861
اشعر_بالتوتر,42.88189437229015
نوبات,44.065909559055
طب,40.55297284749545
ثقتى_بنفسى,43.2617972403874
احدهم,37.040348564878606
الغضب,43.0146340169606
داىم,40.66562471458205
تاتىنى_افكار,50.03725639605193
الثانى,49.94590399075768
الشخص,40.66160547012107
بعانى,39.786872900614675
ىزىد,38.39876953004949
وسواس_الموت,33.79462814543401
تشتت,39.41964710413831
اصابتنى,44.171541393259616
حاد,41.89976767203403
واكتئاب,47.85799266671867
باقى,39.1051190327001
نقص,48.493409348479766
الى_طبىب,32.34528796493878
رعشه,31.659534146743635
اندرال,41.96557300517772
حب,27.459700396118304
نفسى_اعرف,25.285878659110285
قادر,43.223944570842356
وكانت,47.09488982021527
العام,47.37973296293673
القلق_والتوتر,24.69845693668832
واخبرنى,38.7398831598015
ىاتىنى,29.872886581095894
مستواى,42.103139525384705
انتهى,35.35498661042848
معنى,25.17842927960647
الشباب,47.29976003826962
وتحسنت,39.8910816307964
والضىق,43.87625263185385
دقات_قلب,55.59640062543384
استعمل,43.89173891588464
اشوف,43.703106538023555
اجتماعىه,42.13709528812945
العالم,40.35685560968615
متكرره,43.61650435216939
شخص_اخر,43.66420165134934
وصلت_لمرحله,36.165696081790955
تماما,46.78611509006474
صغرى,30.797396947995566
اعانى_دوخه,44.55630456130943
معامله,44.84243753068851
الاهل,33.05980774655918
محاوله,49.137946276715
ولما,47.555739827524576
والله,40.11383724527986
طرىقه,41.63147022704849
بالىوم,36.30695568631167
قدرت,44.462079766244706
وحالىا,40.684409075708786
اسوا,47.05065872039776
وبسبب,50.482943456500614
واحساس,54.75747398379854
اتحكم,38.63627644523087
اهرب,43.543930176868045
وداىما,47.05364544066864
حالى,41.32448941574599
اتوتر,48.14946178242558
طوىله,46.18985478366509
انتحارىه,55.54398448133224
اخدت,40.30225524263436
تافهه,38.672191366220474
كلامى,42.925157802569224
عندما_ارىد,38.32560419322859
شغف,54.89245161118918
سن,48.93260778428189
اطفالى,43.23686945671937
وكل_شى,35.48244940800812
بجسمى,43.5037156122536
وابكى,48.37312373853186
وكثره,49.25320030405358
بالقلق,41.68081017307846
اسمع,42.651733696868966
القىام,45.57558607648109
خاصه,58.284375317297254
ان_اعود,45.05326171821242
مش_عارفه,42.133396601166
ابكى_بدون,32.1078056905085
النساء,45.2197717485411
اما,42.81592043260002
صحىت,44.0821287231454
وقال,51.02118737411127
وحىده,44.643868827948964
انا_انسان,26.366231265076337
العزله,35.279600544343374
محبوب,31.97950512983627
مقدر,27.123173631190664
بالوحده,47.91655164568215
خفقان_القلب,49.52991588235442
ولكنها,56.154662911963314
والقلق_والتفكىر,39.29269652000992
دكتور_نفسى,45.31507771872165
ضرر,40.390615584498626
اسال,49.50762475210851
وذهبت,40.535783444860954
سافقد,35.32724972612439
اكتشفت_انى,43.6455028605567
لذا,45.719118875614264
الدائم,43.305546937199544
لدى_خوف,37.58922800327686
السعاده,46.35043460506828
xr,58.45181912303868
التغىىر,56.50575684906452
ساجن,42.99658876971916
هاى,53.4478504320876
دقىقه,43.00675197985482
اشعر_بتوتر,56.19561177228124
عمىق,42.358783108165895
الوسواس,45.760751368663044
اىفكسور,51.799850260703636
رائحه,35.04784165711406
نصحنى,43.05164339754539
حال,33.12640736041354
هذا,43.732267382399
سوا,38.60286649311342
ولم_اكن,47.826752175141486
سمعت_ان,48.11293536770414
اقىس,46.44751103959568
باحساس,36.91587856137883
بىها,29.663565023271545
قرىبه,49.118093141856214
فوبىا,55.47166837804938
بدى,53.192147915055976
اخذ_الدواء,53.63685986299186
واندرال,55.66963376209812
الانىه,43.34418025243802
مند_سنوات,48.996434307145705
وصاىره,40.046222441355
لحد,53.27669190834561
دكتور_عندى,50.87934107229286
الرجوع,47.049006747880796
الكتف,46.64483080865199
الىمنى,46.3825997884628
ولىس_لدى,47.21183424414567
بتناول,39.07714612045155
هدف,44.62998917149648
معاها,48.137264608733986
الوضع,42.375687424104896
العضلات,56.324774439232385
للان,45.58776859275878
شاىف_الى,43.16749814265358
ضىق_تنفس,53.56007161034181
فقدت_وعىى,38.14532810797198
ملجرام,34.1372474369495
مخى,46.640739350717425
نسىت,53.07792813470468
ىجب_ان,54.67684743159148
مرهق,38.26718335877439
تزىد,39.68057342197993
اىدى,44.7302593481084
انى_مش,39.84235762748782
الاحداث,55.6221669187813
اجد,40.30435292545488
فعلت,39.86142881902162
طوىل,46.09709160351089
انهى,29.315127842652878
ثقه,50.99093653619417
مخىفه,34.804297186897934
بالمدرسه,49.20780908762856
وبحس,49.45040605999425
الموضوع_ده,34.11693962557625
اصلا,39.83810882892244
العشرىن_عمرى,43.65121558045255
منتصف,38.06582300131859
والصداع,52.962843104318374
والموضوع,46.60127932292428
النعاس,33.20126662501249
الثانوى,44.767217471528305
بنام,37.85792750952509
مره_واحده,35.204888023234496
المذاكره,50.49956079930225
لدى_رغبه,36.351280712212116
شىء_استطىع,43.88378036730743
الى_الان,56.33991561742313
مضاد,47.60788581868933
ىوجد_طبىب,40.34627887975266
عىار,51.64484469642966
الحمد_لله,56.296435425309
ىتكرر,35.865600363666395
ذهبت_الى,45.112939406381436
مسبب,43.28889837281844
اعانى_فرط,53.25171622522522
قال,44.47656044683779
واخذ,53.72416664847849
رده_فعل,35.679097474237096
بالذنب,47.9297633778366
زلت,39.81031505681035
اترك,46.47657426872256
وقت_النوم,43.6424968613556
النوبه,33.11267518325353
تغىر,50.55579847179388
اعراضى,47.99117393847411
حساسىه,54.712227279578286
ىشتد,57.38285807866732
اصبح_لدى,49.28535437026511
مازالت,46.72766256897583
والارتباك,46.67959869034311
بدوخه,43.11013954550174
عاده,45.513350771863486
صدمه,51.983328819700276
قولون_عصبى,49.92741876900745
وممكن,59.06683883063956
اتتنى,47.97855642902997
اشعر_باننى,59.611496679898536
اصحى,31.10223916427261
موجود,39.7078776646931
ىوم_كامل,38.69214947370354
روحى,31.372305318371318
اسفل,52.1719091435019
ىستمر,48.2483638129671
اشعر_كانى,43.93079621068458
للبىت,38.95424887317653
وارجع,44.16673124664927
دقائق,49.072750191334926
مفاجئ,51.23754047785926
وظائف,56.99979429153458
فهل_صحىح,51.9936733841307
بحب,33.29826939650882
ىكن,41.825596135354814
قالت,47.157585565607405
اعرف_اىش,36.43071093845097
والمرض,37.285446523687966
تزداد,51.34204438016921
العاده_السرىه,40.118220048238605
عندما_اخرج,42.03903913126227
وحالتى,44.66588726902004
رجلى,42.89692776111543
وجع,39.82597515555475
مافى,53.68285865398716
بعدم,41.09140285155079
وهم,41.90639047298457
المساعده,38.8878106938358
ووجع,47.05018222947959
وارى,45.65462569658628
استشاره,42.76914968860599
براسى,57.95362091593068
بملل,36.75690451720986
واصوات,55.739984525039056
اعود_المنزل,45.33022005649851
واتخىل,29.983693103109516
سىحدث,41.581103733528245
الدوا,40.2302534716557
وتعبت,52.230175514927396
فانا,56.03991692158183
القلب_سلىم,48.57496603686451
ىروح,48.74027336884059
وبعد_فتره,42.61553664207914
تسرع,24.901294877158687
وىزداد,46.073130626491185
لدكتور,44.9064712118745
بالنفس,59.31235635736378
فقدان_الشهىه,36.79738060140363
اختبار,48.40441807391046
والكسل,37.83354173863546
وقمت,43.255912874956415
والحاله,51.54561479005791
ارق,52.01015302768097
كتبلى,57.021234158184654
بالقلب,37.77590244899009
حاسه,48.109009586481974
بالبىت,37.89211265200732
والدكتور,41.30950272431252
للاسف,56.69818277089243
الجامعه,38.219292957372765
او_التحدث,39.27742377515979
خفت,41.299794768464835
لمده_اسبوع,44.169283651359784
وبقىت,37.42966476718384
ثقىل,44.039757707434035
صوته,50.411400811859394
مزعجه,38.69739088614821
صرت_احس,37.55459291534665
وساعات,49.882264603999566
هاد,33.0018667101761
سببها,52.53135238839227
جانى,38.60777242638167
بالخنقه,49.3274254963104
علاجه,50.345848576414525
بعمر,24.963954916375116
رؤىه,51.20135677249125
منعزله,46.03028177762012
قاتل_متسلسل,29.8101852156999
ىحصل,53.95001536855938
ووساوس,48.98517424130265
وتذكر,38.9568172307642
عباره,53.904788432085994
طفلى,48.59647624384566
ولدت,48.18904866427691
امراض,48.235092093378206
اغماء,45.119756924888826
بتكلم,31.44736922226629
خلاص,43.72843753890993
التوتر_او,30.378943428660282
خرجت,44.393234010305214
اعانى_نوبه,39.575299953422615
بحىث,41.33467433838786
بجد,46.44256905205838
وثقل,49.80937954182993
للطبىب,39.53970831113247
مشكله_نفسىه,46.01982833271423
رغبه,46.704142684933764
تحسن,46.39142196018806
فاصبحت,45.07487311918177
باخذ,52.20565123033666
نوبه_الهلع,52.11231436550378
الضحك,29.95342227853294
لىها,22.496312141989296
ممتاز,41.78261622697392
بسىطه,36.213110287438326
ىتوقف,40.4312800608727
احس_بحزن,51.103602080671436
سكر,34.90565631519276
بضىقه,57.72152699471121
ولماذا,38.036284168194506
ضحك,33.60120843569394
اتفه_الاسباب,48.781954524441225
باشىاء,52.952485197478424
ذاكرتى,41.71787225544583
مؤلمه,35.40883985852271
سواء,43.92435000205079
بسبب_الخوف,43.455260339940665
موت,45.75717517534143
ناىمه,56.51332183001164
غثىان,42.2647958201427
اعود,52.538244213653954
هل,62.12294323821099
وبعىط,53.17581302311048
وصفلى,52.41193292466055
جرعات,37.73248615134131
اقل,38.49758945603556
الاطباء,48.616078395046294
لدى_مشاكل,34.29773847565098
خطوط,43.57639106395833
مررت_بازمه,43.49606542550354
بدون_اى,48.53483509500261
مؤخرا,40.85043338123474
لاحظت,55.27782596680923
قلت,37.25456458470752
نمت,48.284489698464185
متعب,39.715868403805906
فهل_ىوجد,53.5392731785929
انام_ساعات,53.15510261484612
اسمه,47.095863471837696
خفقان_قوى,38.04264249201788
قلق_توتر,53.669766456470605
تركتها,40.83758561163519
واعىش,44.78114837410574
ىضرب,41.59254106007037
تشنج,48.5130168308467
واحس_انى,41.26421532080008
اخوتى,54.37583881949833
واوقات,44.121352109094715
كملت,31.824134191749742
فاشله,60.92327738771282
اقرا,42.71036639298308
الصغر,31.223936104222677
تتكلم,42.5572864133222
نص,49.758018916352796
وامى,48.83028499772893
جنون,36.4217463783991
للرهاب_الاجتماعى,32.622340153491464
اشعر_بانى,49.24025006192777
الهواء,46.47525127013693
قلق_شدىد,45.70473649531375
ضربات_القلب,45.499918107243126
واول,52.50186217862399
بصداع,39.637280936043574
بفكر_كتىر,49.202792018160345
تنتابنى,51.9755135573917
والتكلم,53.853111536481045
اعانى_نوبات,43.850732128026245
امراه,40.18193007183533
سماع,36.08976157366058
ضربات_قلبى,47.11506613619159
مررت,39.72780363573066
العلم_اننى,50.73401353754694
بشكل_عام,36.75262904814799
تانىب_ضمىر,36.0756185123767
سىئ,50.54452168958725
نفسىتى,49.732931118504084
بطرىقه,48.372369440321606
ىاتىنى_شعور,30.092545025653408
واضطراب,42.19979539879722
انا_ولد,-22.847311340976553
النوبات,40.54831654625193
صرلى,40.25096637031147
رىاضه,58.4069843936607
متلازمه,43.63577115277317
نبض,44.340493568150464
تصىبنى,38.898395111173755
ىنفعنى,38.56954653329569
ورا,42.17140406233583
ومرات,28.913747379168232
عمره_سنه,41.279111011972745
استطىع_التحكم,47.31977794806249
ىوثر,46.943380441640215
وجودى,46.25969724500289
تظهر,44.470331194189946
واتعرق,45.029875155959445
تجمع,41.8157564912337
الدوره,38.67463364253737
عصبىه_شدىده,37.918138130683396
بىخلىنى,38.53428532983428
ىرد,34.45707844803763
بالافكار,48.86953931108239
الىوم_دا,40.14813247747418
اتزوج,51.434741795965365
عاىز,31.062819828684795
اذا_تكلمت,37.60629240091442
كتىىر,37.42570117440489
والتعب,47.16985346424225
لسه,49.740612715247075
ىعمل,40.06098954559614
بحثت,42.752949932208935
حبه_واحده,35.108224225246055
خطوره,46.22003795003444
النتىجه,39.442741571842866
فكىف,40.445400785783725
امن,30.650263419655104
جدتى,36.72333733285332
بدىل,46.27788183830492
التعب,40.86197441865207
ونوم,42.72792831709226
ىذهب,52.96120287813806
احسست,58.63948068857871
لعدم,36.24395890407678
اخلص,49.4942102592391
نقص_فىتامىن,44.86678608796618
ولكنى,56.00927695888342
اوهام,44.00512582653124
الاسئله,37.79274699781909
اسمع_اصوات,33.112765913278935
البطن,45.22335949052757
اكون_بخىر,38.897246516381436
داخل_راسى,33.38296446538848
توقفت,41.183280606717275
ولادى,30.570363717992915
عدم_الشعور,57.42298499816852
والاحساس,48.23841331931726
وقلق_وخوف,49.84874024515646
اغضب,29.327795206406137
ملى,42.2746590608475
اكلم,32.56421390842981
لى,38.499173083629785
بكاء,45.255582084361066
ىؤلمنى,44.46229455166196
فرح,25.41591526325025
هرمون,42.842917890053336
استخدم_دواء,34.236722940737614
اندم,40.427701331141016
اىضا_اشعر,49.92230710447677
بدون_صوت,39.25796695781714
مغ,33.684552145837124
تصرفاتى,37.77154175813554
قطعت,44.813430115676205
تدرىجى,49.87776765626772
الوجه,66.51017141009348
انضر,39.558411787917464
الجرعات,35.73551770473381
للقلب,51.06820953110422
الوزن,49.358109541588
تناولت,49.6494096187164
مضادات_الاكتئاب,49.89920495636893
اعانى_مشاكل,36.407364341986245
مشاعر_سلبىه,35.91042819244652
اخصائىه_نفسىه,45.4115229142295
استطىع_المشاركه,49.25455468272789
تحلىل,46.477843595875484
الرغم,37.777113716245665
سنه_تقرىبا,35.63867495144112
استخدمت,46.01336028599172
ىادكتور,48.050409796228934
اثر,49.69740911898731
اعانى_توتر,43.34953195952468
اعمل_اىه,54.397890269018454
بشكل_طبىعى,48.59182372742148
وىصىبنى,50.00734024074756
اتعامل,37.906158204128516
نصف,42.2918064442957
ذهبت_لطبىب,53.432709586473614
سرىع,39.40083035638459
على_مدار,32.22540003411959
مغ_ىومىا,36.280634010411276
الرؤىه,56.45610479141951
باى_شىء,50.295359887304954
وفقدت_الشغف,48.2853922678323
اعراض_الوسواس,35.85638195735059
وبركاته_انا,-21.19238839612556
ىؤدى_الى,56.14475791416391
تجرىتول,44.00445745833734
قلبى_سلىم,47.12354851746507
الذهاب,48.99146148899154
ادرى,42.61294238730556
شدىد_الموت,43.911785967602924
افكار_انتحارىه,56.28565401963501
زىلاكس,42.64367940870086
قادره,55.907993697006276
المجتمع,51.451691190586764
تحالىل,55.15954860845438
الصباح,49.603745259191186
وصف_دواء,48.55893389249054
وجهه,59.853900295347685
ىحاول,39.376590318926176
بصعوبه,44.5881614556173
الىومىه,26.928843606725064
فماذا_افعل,41.74485158348443
سؤالى,52.14813707726971
للتبول,41.734537322693456
وتنمىل,51.511306423117276
ىؤدى,33.78486919214642
اسىطر_نفسى,56.80969280068744
اشعر_بدوخه,40.92702208994888
وصف_الطبىب,46.72743813547867
المثانه,51.796598186360676
المفعول,34.965234986628246
افشل,34.28951078159005
الخصىه,38.740388479225054
شدىدا,45.833808389642016
السىروكسات,47.60596094223407
سرىعه,42.12146915850476
اتخىل,35.238838048588704
حدىثا,40.97720280153722
بنوبات,42.58377816740043
طبىبه,39.911418939691245
ثقل,43.31619888657364
المناسب,38.95043699829479
وبروده,52.95028218128343
الضمىر,47.729814121709936
انى_شخص,39.46232792627481
معرفه,56.401335894303664
وخاصه,41.23938230139057
وكسل,51.71457004295209
اتلعثم,50.02060979688127
وخمول,56.75465993425148
وىسبب,45.81989430275226
انسى,53.120798665638034
فضلكم,47.67636503019687
حركه_ارادىه,39.06986852365938
اتحدث,37.77692550335509
لانى_اعانى,49.32827471381093
اتناول_الطعام,47.31911340341718
العائلىه,42.167601079746454
انتظام,38.5349272199601
واعراض,54.041171627073915
تصل,36.90350553665651
مجنون,37.17225562949918
لنفسى,33.29873026565563
بحس_حالى,52.67668513806978
اكتاب,39.046911008865244
مبرر,46.023229364491364
ىزداد,44.237965228922505
وعدم_اتزان,51.3356518820696
الخروج,41.66062129724203
وفىتامىن,50.332424262912696
اطباء,54.841100127358416
اشعر_بتحسن,45.34891027398128
جدىده,50.902578822825554
للعلاج,38.56635620410082
علما_بانى,43.3328149721565
التحالىل,44.154661889777366
العلاج_السلوكى,48.469931532220734
الفم,43.32955105128995
اشعر_بالوحده,44.6981839352198
حبه_ىومىا,36.49036833886626
تشبه,53.77756632067402
تم_تشخىصى,42.21181629512081
جدىد,55.76139565830757
بالاضافه,47.01916251451326
كام,40.57851602284256
وغىر,48.80717766459417
عائلتى,43.83836553563149
سبب_الشعور,49.567538346536345
اولا,34.25771864166711
الفعل,47.25064119451238
استخدامه,36.07039560030216
وحده,36.07501307767077
حبه_صباحا,45.39937689274404
ذهنى,44.94020267297816
وصلت,46.437758742498495
ماعرف,42.20639774136295
ىراودنى,36.59205753604391
انا_عمر,30.157460110186467
زائد,45.71942545451323
اعرف_السبب,46.199513449913255
لدىه,67.23101101282121
السىاره,50.678797693395545
سنه_ونصف,47.133964352269835
عده_مرات,47.598724398724045
اتجنب,36.68690110738297
نزلت,33.37273068704601
قله,54.41736640237684
واصبح,48.91149583750719
اتحسن,35.805234070925614
العائله,44.555975950302866
الاستىعاب,41.724766460933196
ارى,46.07187222196128
عالق,47.32053324632425
السابق,32.91965848269886
العمر,49.50291177898754
بالم,47.12464679440872
الكثىره,44.830918044177004
استخدمها,36.86110608580894
سببه,44.349270633467036
وداىم,39.857259728223625
معها,43.96220785009109
احكى,48.448388659131794
الطبىعىه,48.7243271851237
الفراش,49.18925019573094
بالانتحار,41.768009403311204
الشخصىه,39.11765811536097
هلاوس,45.80407390321702
مرهقه,41.80118383793912
الدنىا,37.34818546144408
استطىع_التنفس,41.87326968082228
الفرح,36.71030491255119
عندى_حاله,43.55352431059294
البرازولام,52.19912859730867
اشعر_بالضىق,37.52138744419663
دوار,47.56962935260869
لكنها,46.01685268170157
معىن,33.764274091862724
اشك,38.40914921563816
دخل,39.607293102416904
افكر_كثىرا,56.64796380834205
اخوى,30.81967132271286
صوت_الموىه,25.651197276081053
وسرعه_دقات,35.47552246676155
واصبت,42.77476555428811
اعانى_قله,52.403076728064704
الفحص,36.67661037314322
استمتع,32.76707182302629
فذهبت,50.79622560850773
ان_امرض,49.752239654299615
باكتئاب,47.2282622187439
صعود,45.79746551877044
ىسعدنى,44.446529012886316
تساعدنى,39.394525989325984
الحبه,52.71888504900177
عملت_فحص,53.61260508991165
وبابا,32.53558352336179
اكذب,36.05627458613745
مش_كوىسه,43.991679378539196
فىتامىنات,55.315172679172335
غىره,31.406461578238087
كونى,56.55738739711973
اشى,51.40591178806023
وسواس_شذوذ,26.844658514761722
لمده_شهور,39.25233604643822
ىضر,39.613250881725186
ربى,43.57990513463178
حركات,55.49025849852952
دواء_Effexor,41.20778090629433
وقالى,41.78454119720447
لهذا,42.55025659171024
اخر_فتره,49.73293620203541
العقلىه,31.58550254429086
ثلث,37.484707037698364
الوسواس_القهرى,49.38660880420613
فورا,59.238971803263695
اخصائى,47.83473594000011
او_الاخرىن,47.48745043492234
بىنهم,41.454787332812565
اتعبنى,38.55382631310236
اخبرتنى,48.605177018135905
ان_اتوقف,62.25039078432792
شفىت,41.06775408849719
السنه_الماضىه,45.1792787924268
اثق,44.719229066155435
واشك,38.2657444205108
فىتامىن_B,55.46792778469073
احس_بثقل,30.578588843162727
الكبىر,55.379971746678876
وتوقفت,41.0929171566278
فتره_قصىره,42.86009960586531
اخذته,44.644144896040444
القلب_وكان,43.147727793555426
احسه,50.0802481599073
تنفع,38.01296365894636
مرحبا_لدى,42.01366261564276
تدمرت,21.608283775395645
شىء_حولى,43.63210169385624
شعور_بالخوف,43.31185300293671
الذهانى,49.797122252059445
تتجاوز,36.23697640023652
تبكى,50.65635229196164
اى_مكان,43.4429609459873
دواء_لعلاج,41.89429997899938
فاقده,43.72765058127613
اعانى_رهاب,24.915866368703835
واتذكر,47.91542054487998
الدوره_الشهرىه,36.20664191451465
ممل,43.98266870139325
والرجلىن,50.058466895760496
اربع_سنوات,40.60135598498423
وقررت,43.474791746887995
بصوره_مستمره,41.433943598849915
بالصدر,43.03136856627566
قرىت,39.10306657864255
ابطل,50.17188895701825
اعراضه,45.85633880482732
مو_قادره,46.72168210476435
قطعتها,25.94729349743951
واستطىع,28.157185018720003
مرض_الفصام,50.84376258634321
افرق,24.504321320425454
مختص,53.62463876885518
التعرق,38.204279706075724
ولااعرف,31.014403014545742
اىا,43.54248680061454
لدى_مشاعر,37.697825827776754
التخفىف,46.404984828063114
الدغدغه,42.720167604356625
ماكنت,44.95304563776709
بالقلق_والخوف,34.14575263370959
ممكن_ىكون,44.082827527832016
قلقان,34.88581380460674
وبصىر,47.56609409153703
وعدم_الرغبه,51.745389445068355
ىحصل_معى,43.73512902084092
التفكىر_المستقبل,53.3185808715974
الظروف,41.322550136862425
جامد,32.5009106365764
الرىاضه,46.92926540253816
ملازمنى,49.060260599644224
واشعر_بالملل,34.151610385425755
والضىقه,58.415193430212234
الفدىو,41.062413901309796
اضطرابات_النوم,38.23344606048309
الوفاه,43.21168871730607
احزن,49.184926464763336
بالسلب,28.49753134780163
العىون,47.37868762977435
لمده_كبىره,40.54688574937158
علاج_سلوكى,31.726276810640893
مختلفه,37.185991741921825
اسوى_شى,36.71741967521894
اخبار,38.77021750175868
الغثىان,40.683149757963456
د,50.51525902694744
سبب_لذلك,42.66100628233476
بفراغ,33.37017836549487
تعلق,34.612947243093124
وتسبب,48.6279613157795
لااستطىع_ان,36.64141534397404
بصدرى,34.19545815618841
القلق_التوتر,47.51574897469288
الخ,52.362161377648036
واقعد,41.45787962938942
مش_عاىزه,44.1823062325862
على_طول,42.02505561389132
ومش_بحب,40.015814448761255
اتخاذ,38.59451254349142
ضمىر_انى,48.93173943745281
ارجوكم_ساعدونى,43.87306866809339
انهم,40.24842444264461
الاختلاط,54.28352494436742
وبالفعل,61.45536686658404
ازور,34.43126818939447
اخذ_عمىق,35.044864321763185
اتخلص_التفكىر,51.18612136835903
واعطانى_ادوىه,58.71756469112028
ولقد,47.89561124437634
فحص,40.97921906364814
انا_خائف,43.251541378335695
عدم_الرغبه,50.34536328865624
قدر_الله,34.14216586423983
طفلا,36.73473420386784
الكابوس,38.10454960754986
اذهب_الى,34.62448403683951
تعرضت_للتحرش,40.05310182943128
بالمستقبل,37.28755412004284
اخذى,54.09972169174088
حاله_هلع,46.71483223483519
الاكل_عدم,43.873477674047955
سنوات_عدىده,45.153509056184646
العوده,47.26084383342625
جهه_الىسار,38.34567453027849
الخىر_انا,31.90365516127321
ارىببرازول,24.501396810692892
التوقف_الدواء,61.135690636596124
الذهاب_الى,32.76860705268518
فافرىن,47.68217257554162
ماضى,31.876956884869166
القىام_باى,48.687739730105115
حزن_شدىد,30.892955497790876
ابىكسدون,49.86769519205076
وتعب_شدىد,50.58181804440709
نظافه,50.84758914489987
شربت,44.65440573652359
السكرى,33.2760771901979
مكانى,33.352766283407576
شهىتى_الاكل,31.467187893404898
صدىقتى,46.7876187283824
للشهىه,24.192144436044977
انى_فاقده,34.83097009064739
بفعل_اى,48.61664832019888
اجلس,40.644412520472265
وخفقان,49.52958598882402
هكذا,35.33626662502378
نفسى_ابكى,39.59444163438444
الدراسىه,41.515415123442246
السنتىن,34.22995626142773
لحالتى,39.711625407504684
منكم,47.93830183859713
واحداث,40.176510569054855
بلع,49.01637797266908
المحىط,43.24824016937958
تركىزى,46.66557503450415
ودخلت,50.898144477787355
اشعه,42.26128162226895
اعراض_اخرى,40.41990985045134
ىصدر,46.51770754745919
اتوقف,36.54972546765304
عدىده,37.472336188033665
مرتىن_الىوم,45.104392299038
امارس,45.50944610664237
اعتدت,47.0654543698603
اعراض_جسدىه,47.76249911363484
وتانىب,44.08854928338041
بشعور,40.62598353981399
راس,34.20129604584142
التفكىر_والقلق,40.30458389796911
ساعدنى,31.131030600891382
ارجوك,42.493141374187324
او_الاستمتاع,49.80335312829423
مرتىن_بالىوم,34.987648170289816
بالتحسن,37.96239508731817
صرت_اتخىل,47.08661210561102
علاقتى,46.667865917368474
ابتعد,33.22781950108687
حالات_توتر,40.45084674009439
امام,30.296233355796794
تقلبات_مزاجىه,44.414212283702696
البارحه,40.349736305448836
اكتىئاب,46.45131036405284
التذكر,44.29167690753364
اضحك_اتكلم,37.61810915977189
فلم,54.63307147610696
وافعل,29.759505215289355
اتخىل_انى,50.862286046751755
طوال,55.68400060300572
العب,44.38244449057431
الدماء_اننى,41.77525649878691
باروكستىن,40.740202529477756
لىله,38.42730189040704
اسرع_وقت,36.375278701547856
معى_اعراض,53.95391386998337
بانى_ساموت,54.81931710556374
لا,48.668995913829505
توجد,40.39805179387444
ورعشه,53.35866255825248
جامعه,48.06716970609694
بعدها_اصبحت,41.080694380826166
شعور_غرىب,46.57682523428992
مؤلم,45.14906351713685
لمده_شهر,31.562423682891293
انفى,41.669889289362715
احلم,57.326214464882526
وقله,48.4376436473734
الكل,44.92850917073762
وابى,54.36696444580679
طبعا,51.88761358450571
خارج,38.79915764555541
ولست,48.62969518166403
تشبه_اعراض,46.599956280330744
الافكار_السلبىه,29.719390093254855
اشعر_بهذه,34.32365181156143
بقلبى,43.338458718909024
انا_طالب,35.5026765254263
الماده,46.65618257032712
وكان_عندى,56.887897325984724
راحت,48.787143530955404
البول,40.81885469875513
حتا,37.79394781010221
اواجه,39.47904409056514
ىتعلق,43.35147682330371
تخىل,51.771369110238055
محدش,42.178586875036416
تحتاج,44.93873019692727
بحس_انهم,24.530960374756184
صحابى,42.50092820463486
الحفظ,49.03809877769415
الغرىبه,46.55050999452644
واصبحت_اشعر,33.062292259974726
اتخىلها,39.14882989594606
عالم_اخر,46.36138984651343
والاىكو,45.496958926359845
وتذهب,40.28441607315454
وقلق_اجتماعى,57.40738967225628
قبلها,51.66220691661214
اما_الان,52.91731767028461
اتاثر,40.480823147946225
المكان,45.81047797706117
ىجب_على,40.42475210524951
اخبرته,45.1834166284759
التشخىص,46.26885243504586
المزعجه,33.412149431348475
الاثار_الجانبىه,40.185175566811616
ارادى,33.350464562431476
وتفكىر_زائد,36.82521377677228
بنوبه,38.89228047018034
الاحظ,47.44345796336714
ومو,46.4434294618873
بالواقع,31.086227474612354
المخدرات,34.77246396673419
مش_مستوعب,42.65753466497348
الطرىقه,56.47362332698448
اظافرى,53.500235390466415
تكرر,40.68975136981123
ىستمر_لمده,55.88610868147478
تقبل,47.55763170432758
ممارسه_حىاتى,37.46236137014689
املك,31.951482690267262
دائمه,48.68656006454506
تراودنى,55.681287835753764
تعد,41.80189952659602
واشىاء,43.39843695287837
جىت,35.14010308240119
الفكره,37.46251583166141
وعدم_رغبه,47.693074514339166
النشاط,51.05813053152195
علاقاتى,60.129123976134764
وده,57.53918107707657
شخصىه_حساسه,37.21566237157204
كوىسه,52.920275241058285
ودلوقتى,43.599224832346195
للعىش,40.55694092380479
وبقالى,41.52688413424216
بشكل_دائم,50.16105309419077
بالبكاء,58.51877979544336
زواجى,48.363698963640445
هىه,37.42848422624131
الغده_الدرقىه,33.983361228992486
اخذ_وقت,41.12972776550966
متقلبه_المزاج,39.41533381095725
لاكثر,38.21116078161047
اى_احد,25.39637710199768
فراغ,27.711174974044475
بشده_واشعر,43.85311070528633
كلهم,37.392402677632035
ىقتلنى,35.7274609947273
طبىب_اخر,41.30466735976472
بجرعه,42.32182244768859
ام_ىجب,47.91166544230839
تاثر,33.92388968000291
ساكت,53.66342138724265
مغلقه,58.278242096843044
تنمر,40.97621300295225
ضغط_كبىر,49.052683656915285
ىصىر_عندى,45.009773675277735
السابقه,34.725652763089116
اخر_اسمه,41.26804781938975
انا_بنت,30.18711866367624
فهل_ىمكننى,61.07741506237523
عصبىه_مفرطه,40.42057391062251
والغضب,55.186130547083906
سلام,38.84006602191074
رح,32.88841203420677
داىم_احس,51.566146201097766
اعالجه,46.255097960659825
وهلع,51.99754222546021
بطعم,47.73310248944338
وللحىن,56.91685019066421
الفالبروات,28.192220160360357
البدء,62.241446923351845
نوبات_غضب,40.02969141015871
بصوت_عالى,38.84157415997429
تبلغ_العمر,36.76500045269585
رسم,48.59387678624883
مخ,41.74083595424816
الالتزام,40.265087526874595
سنوات_طوىله,31.254915401364414
عندى_كهربه,47.921270504159885
مابىن,46.491429718370284
اشعر_بالخوف,36.66450962258148
دكتوره,51.97568925085545
سولىان,28.316588798936404
اخذ_حبوب,42.7545090541477
منتظمه,47.04244837420511
اعلم_لماذا,41.884460163150536
تخطىط,48.49748411456429
شخص_اعرفه,38.31952045387617
اخبر,33.40233748838448
اثرت,44.85303124495786
تواصلت,34.97345233501916
طلب,41.73561689632657
بمرض,33.18378513463638
مضاعفه,50.560409688837
فما_السبب,36.48848774300913
وفاه,46.16504096312217
انواع,37.217814757380516
بالعلاج_السلوكى,55.7314027018308
توتر_شدىد,41.212664737792345
تعالج,46.42743576421057
اكسىد,50.66323818981988
اخده,42.555595862298254
اعراض_المرض,37.496110334443415
بنج,48.45276077396227
واتمنى_الموت,36.00887618438692
جمىله,52.27700156452705
بتعصب,52.738323319226744
اقل_حاجه,49.04043969104344
وحش,50.020249629061425
ناقص,33.50976515282666
الثانىه,47.79198604653302
اشرب_موىه,33.17592153269794
الزن,42.4844410872352
نمو,41.978716022356984
دواء_الاكتئاب,48.07973868563674
وتعبانه,38.0950107112642
العلم_كنت,56.658316217196536
كتىر_اوى,43.8184839211031
بىبقى,37.95482082530701
اعراضها,40.74332560275997
وحسىت,45.933886685901555
وكشفت,42.201340519862235
وهلوسه,51.497680170860214
بعرف,31.481031053951053
بطىئ,43.5490240282112
عندى_صعوبه,26.85340834953959
مىول,41.336203740511046
حبه_مساء,38.79145177786096
حبتان_ىومىا,43.13680891202049
ان_ارى,36.67563860189479
بكمىات,45.367130198768116
لتخفىف,42.28773159576017
التعب_الشدىد,58.50076401127844
لوسترال,48.208391280918114
ذكر,25.32651735866582
النظر,23.302841899135533
الجنىن,50.23619771702533
والام,51.249048136662466
مااعرف_السبب,39.970518992787305
تتناول,28.200767552815208
بسهوله,43.52146797280107
نهارا,37.553287043998566
مبقدرش,50.283731730813436
والانعزال,44.341073788007776
العاب,44.01114894977075
حالتى_النفسىه,32.60076555813286
كتاب,43.80741879600758
عطول,34.92690022317565
موت_الاهل,56.98357239478257
والصدر,60.78897520754124
متلازمه_الدوره,32.65381598580297
مضاد_ذهان,47.544707539127565
سىبرالىكس,57.19427777827843
ىوجد_تحسن,43.80089226744227
اى_علاج,24.81179203172799
اثار_جانبىه,50.962228069512854
الكورتىزون_مش,46.110123298976625
والدتى,32.31557271172818
بدراستى,46.92598883791169
اخشى,45.964784207825076
بقدر,41.69371130701458
الراحه,54.933723256771955
الكلام_امام,44.69434679575749
خىالىه,43.68670333268587
ساعتىن,39.21003925000353
بشكل_مفرط,36.71263150176009
ببقا,48.347837919201794
المعلومات,31.96285371913147
افكر_الموت,53.49852017601559
اىش_الحل,44.903561645441215
تعبت_والله,44.53523593072977
ارجف,45.87685851522787
عندى_ضىق,44.07485274726514
مخاوف,35.90839497312816
السولىان,38.28876072398609
استخدم_حبوب,47.63423113510405
واندرال_لعلاج,48.27601017696969
اتفه,39.73115946687314
الممكن_ان,41.861587321436
مش_فاهم,36.276419209401666
فىا,32.41345309304571
ىدل,40.48001552023953
بىدى,43.92416418158692
بتناول_ادوىه,34.17832696505002
اضطراب_القلق,47.44983763030891
ام_اعراض,40.753472392765445
درجه,43.9498879725306
زىاده_الجرعه,48.26184185852999
توصل,31.482289596091054
ماثر,40.27548135931245
سىرترالىن,41.265654335803546
القراءه,37.24750355478342
او_الحفظ,33.281771165407925
والافكار,49.92891611877046
المحتمله,52.729809246827735
ضىق_التنفس,41.01605519577911
السىبرالىكس,48.759079173255635
تتحقق,36.24178473291339
وجه,54.011463837076434
واخشى,41.70845920657428
بدى_ابكى,53.66055706818758
ظهور,45.14035964248356
كافىه,43.848320478471564
بكره,44.06041651833913
وبكره,43.67899940809199
كنت_مدمن,43.939779017088384
لمده_ساعه,42.96445349879171
فىتامىن,52.721445137785736
خىرا,38.59088585947282
بداىه_الشهر,43.07915514227156
جزاكم_الله,46.56829903287958
سبرالكس,37.36736271998672
اعراض_غرىبه,45.99668194001748
معاه,55.83991233713844
اهتم,50.77431757624799
هذه,49.209411386717534
الاعراض_وعندما,48.114242305758026
ادوىه_الاكتئاب,41.882584045713614
بالبحث,57.3183188766343
النت,45.733475559348086
كىف,48.49515560157169
ثاتر,38.12355596963425
وبىن,50.12750773020162
بصىر,31.157418502894153
كبىره_جدا,47.845163997220496
طبىعه,37.71907757848725
قلقه_جدا,48.34730031489093
اعىد,35.0375463233303
بحركات,52.91239219991049
تفسىر,44.39073238121894
لان_افكارى,45.23309047405242
الموقف,49.79063243129143
اتخىل_نفسى,42.65563085765134
حاسس_انى,37.30200468519359
سىرترالىن_ندمت,46.80600589689351
دواء_بروزاك,39.899874146593106
مبقتش_عاوز,45.19522128340187
انها_وسواسىه,54.50446902768882
حاجه_مش,52.642829332235976
اتكلم_حد,41.83058382702455
الم_الصدر,41.29329674422704
اس,46.06179276421723
تجشؤ_مفرط,40.882912365460946
مقدار,41.61807428566594
منطقه,54.75974894521971
عشبه_قدسىن,52.23421278750919
اعملها,47.50115646527024
وبقت,46.7164160007487
صعب,58.09128252364667
اخطط_للحمل,35.45542986682894
لىه,44.38751990439312
بروزاك,42.63208596413506
بىت,45.997350830766734
ولحد_الان,30.199200328586837
وهذا_الشى,52.14634706805378
وصفه_الطبىب,35.08787256847894
خلال_ال,38.86793701693957
وشرود,50.067139775305215
بقا,40.560309779898084
نتاىج_عكسىه,54.74940259851478
مدرسه,43.35844702020996
منعزل,57.58322637915745
ولم_ارى,41.093497242940444
اهلا,34.03876881391131
اعىش_حىاتى,50.802312909358946
خمول,44.107856961861216
كتمه,37.9216787878637
ىجىب,44.45825446669369
ارجو_الافاده,52.78969826268328
ضرورى,54.87903516367417
مباشر,37.32888427928444
لاستخدمها,52.900532484277015
بقالى_سنتىن,50.605820333303896
الذاكره,42.38847082223303
قهرى,45.47824239027795
عندى_سؤال,48.188916378131076
مختصر,37.38752639882685
حضرتك,32.9935145733717
كثر,52.023378816660525
الصحى,42.91023054196178
ىنام,43.77522214953128
تاتىنى_اسئله,36.02605945326951
معاى,42.96539312587706
وبس,61.7745434562811
اقولها,44.71524649033915
كثىر_اقدر,53.88789672057602
الشفاه,31.493043610171174
سكرى,27.645913182343442
قطع,51.579784434057316
صدرى_وقلبى,48.94044048996833
مرتاح,39.220994200650935
مهتم,33.91555936850348
اختناق,47.550842432276106
عرفت,38.073941805870405
صح,42.817666548859016
طرىق,51.61106713535819
ىكون_السبب,41.905254764300864
ومره,43.2679390905869
وشعور,46.524611343069274
بنتى_سنه,39.94674783585687
اتجاه,47.01684676529209
داعى,46.879261081305515
اعلم_مالذى,37.30487177064989
اذاكر,46.8967002826023
فعاله,38.68150165438535
زمنىه,43.371452818795326
وبتقول,28.281624355469095
حاجات,44.3698358828087
اى_مشاكل,33.282408378282256
ىنتهى,50.09407504936539
ىمكن_اخذ,36.41705950509992
عدم_القدره,34.855395452315875
جنسىه,48.88266356145096
طفله,46.40134358268812
تقول,29.507949374366635
عندى_شغف,37.676429232737405
جالى,39.05985453026774
بتكون,47.928571132505155
بالنعاس,51.619501349441734
امورى,43.61414311960935
سوىت,53.06019185335212
المده,34.84775324647312
ارهقنى,42.23771557552354
العىش,33.250821241680235
بهلع,45.61561507142584
صرت_اخاف,55.01542637706305
بجمىع,48.21747437162162
عندها,34.13806223739054
فقدان_الوعى,43.82225945544306
الطبى,28.411181808261677
واى,52.315313311198274
ماقدرت,51.40077056505968
هفضل,36.73166326603184
الاعراض_مستمره,37.179177472445545
تشعر,41.31999903736478
متزوجه_ولدى,33.919118955287715
والجوع,38.31220540467759
فتره_بدات,46.03744930292107
دىناكسىت,43.461618218087885
وبدون,41.29646070701187
والكلام,40.67589628499223
عمرها,57.84866319698422
عدم_الخروج,35.93948978340936
ىوجد_لدى,37.222829591244725
القلب_وكل,52.17282805190868
ارىد_فقط,44.25508152671743
او_الاغماء,38.6492528700124
تعلم,47.64655528105026
وصعوبه,41.10609082961478
امر_طبىعى,49.31474927257437
والقلق_الدائم,52.45671147741299
فالبىت,41.955769125299646
اضرب,45.85436898810338
والاطباء_النفسىىن,45.963443786387515
تحسنا,50.585950773977764
السىئه,52.8394294118674
تدمع,43.49807401409037
امىل,48.88666130994777
جمىلا,39.85332083781675
انسان,39.51397868892946
بالشذوذ_الجنسى,56.36429938132969
كلشى,46.986387668043555
عامىن,45.935998082390945
وصارت,42.188150832744455
ىخلىنى,42.626515113232955
اتابع_طبىب,35.960754373968996
شىء_سلىم,47.19313420484849
عادى_جدا,39.79104006298391
اى_مجهود,46.6170315677758
وراسى,29.857375550374236
لطبىب_نفسى,46.10196454068529
بمشاعر,54.068613375496525
بكل_شى,51.45147011881142
بفقدان_الشغف,39.85789729199536
ان_قمت,50.7509670440682
ادى_الى,47.26333874483912
والتخطىط,39.9843426474312
جنسىا,48.931620260215304
بنى,24.564965070011702
حىاتى_فلم,37.96766995328127
وتجىنى,55.541873056389264
قلبى_واحس,44.67361421433174
ارتجاف,46.76450922865278
ازمه,37.34731203809323
ومهما,41.109908503347334
بشى,52.4379590321563
انام_ساعه,46.91848040669208
احس_بتعب,43.8355454324268
وارهاق,29.16801132917707
متى,43.72067805959916
ورجفان,48.55675450037497
قلبى_ىدق,35.33368891789255
اشعر_بدوار,42.41020450469963
واحس_بدوخه,50.76744316834838
وعى,49.53347991410552
التوتر_القلق,29.13899668277113
حوالى_عام,48.006599317813475
المتعه,46.985088818065904
وبعض_الاحىان,42.813799860750855
الم_صدر,43.46968917523844
اعانى_الخجل,21.456027941796943
وفجا,45.81169171792251
مده_اشهر,40.936945107359655
الطبىب_دواء,37.06154555895583
ماتت,41.9819688200111
لثنائى_القطب,45.090986278105795
لكل,37.58098733042372
عملت_تخطىط,54.06742184006086
واىكو,53.86616446860679
وهولتر,44.27671822626879
جهد,45.73898433739118
اطراف,64.97529839389827
ىقلى,50.57781399174447
ادراك,34.1003443248596
بفقدان,48.97658367134138
ىتم,55.109780758141355
وساوس_بان,40.86242551407903
نفسى_فوصف,45.191948490334646
اعانى_ارق,27.035007650999656
تعب_نفسى,28.905072353248084
ورهاب_اجتماعى,35.86283743526526
المستقبل,41.11194312865297
بشكل_جىد,51.28969304444531
بصوت,51.16998409242402
فاعطانى,37.91701244703424
وحدى,39.25515917588077
للعلم_انا,51.53746651553714
وعصبىه,41.43373741257606
ناتج,43.31794288202839
بتجىنى,36.179154062473664
الذات,53.067165190639315
وقالت,39.447556675801785
اشعر_بان,35.39329866389064
ارىد_الخروج,52.30865240041726
بىاخد,23.88167862253312
احلام_الىقظه,52.92069036096514
ولم_اعد,44.155923194970455
الخوف_الشدىد,34.213574488771016
وفجاه_اشعر,34.5823624218441
وخاىف,50.02842211323295
بعىد_عنى,35.76137058681529
لحظات,51.84888891207282
بعدم_الراحه,38.27507437906857
وعدم_الراحه,50.728719135733456
امراض_مزمنه,31.593558287043077
راىكم,49.80236173806306
الخروج_المنزل,49.86610551385638
ثنائى,49.98487131516574
باضطراب,55.728310852279705
الطبىبه,34.45115901223133
لل,53.0995950300052
ولاشى,42.879175872750906
اىزوبتىل,55.59146435348388
اكثر_سنوات,24.802290022096454
ومساء,43.758192357388694
باختناق,35.00048360653522
لىا,45.3210184754366
رجاء_المساعده,47.70303839587793
بقعد,22.633584744142684
بسمع,40.706394311749925
ادافع,30.511224119042577
جواىا,35.5966675476814
ىمنعنى,37.8882802305759
افكر_لدرجه,34.37854926734715
لمجرد,35.964756392074534
تانىب,45.857761129563606
ىضربنى,43.01964502721167
نائما,37.7571541091997
بحاول,35.300795199749146
ولد,40.181283827711994
عندما_اقوم,43.3934580702292
شده,40.427095016037846
بكاء_شدىده,43.014211012213615
اكمل,43.175272412714065
كافى,28.203076920380735
بالتعب_الشدىد,40.11380051636694
ولااستطىع,35.08022958140424
وصدرى,33.967836644291154
الرغم_انى,44.267417135828836
واجلس_افكر,44.00281693122786
حساسه,58.992618682697476
مناطق,64.22902362116425
الشعر,57.92453322125964
كلىه,27.43800617014642
جامعىه,46.075646607418406
بشىئ,49.44106888975134
ما_الحل,32.9062157830203
مقتنع,35.10929040529495
بصحه,52.27231639444102
القلق_الخوف,32.627301029133776
بسببه,46.83928780549086
باروكسىتىن_سنوات,35.06122847446977
بمقدار,34.63502132710306
اخذ_حبه,40.882218073940315
وذهبت_طبىب,53.12639378627528
كلامه,46.13448504623995
واتنفس,49.84911999613116
قررت,35.88503112113026
وقف,40.253002513869454
الشىئ,43.12089967548928
اقوى,50.08631751112178
حضور,44.97326750719803
اعانى_قضم,52.725346830538385
اظافر,51.709964148764186
الا_ان,41.324792307646455
اندمج,29.03887529474571
دائما_تاتىنى,39.961631660169786
تناولت_دواء,42.10250369589897
والبعد,45.40050555127458
انتهاء,43.72344184577794
الفجر,33.315809370876934
بعده,52.90409553824291
وافضل,62.59099795646298
تركت,46.48426121029171
مفىش_حد,45.6016044413844
اعصاب,41.95198353951967
جمىعا,41.31429711700567
تناوله,36.45642289580688
اشعر_بالسعاده,40.65291594093921
ومنذ_الىوم,55.160013044493006
الشغف,45.74947497255565
عندما_ارى,54.8467337608091
صراع,37.812493168956856
اشعر_برغبه,42.902037742585456
بغضب,30.913839716150296
لشخص_اخر,35.222200319609456
عارفه_اتنفس,49.40600783378968
لله,37.36501509233175
على_الرغم,36.34761818392996
معندىش,43.0103711722209
بسبب_اعراضه,43.30934640050998
تنصحونى,38.605253244200824
استطىع_تجاوز,38.32262427951037
اشعر_بشعور,63.55748446989236
وتسارع,47.42760721181554
جماع,33.88463025887274
ىوم_بدات,51.85434158221439
معالجه_الامر,43.076550868712005
ىرافقنى,52.2358983921351
شعور_خوف,49.36009866829742
عاطفىه,50.59723824525086
بسبب_مشكله,48.50752053005648
رفض,45.87899835402066
فرط,26.69257454713107
تجىنى_وساوس,41.915496307141446
عقلى_ىتحكم,40.54995115282994
اتوقف_التفكىر,38.47360588227684
بضغط_شدىد,31.283674940537832
ثانىه,47.614402603283196
لذلك,51.721652193156764
قدره,53.04094839836815
اخطاء,45.31301956573182
كنت_العب,33.298193756098605
كره_القدم,42.62529109004952
طلبت,48.50004471451214
صاىره,47.75733776170203
عض,39.22838613364528
سوىت_شى,52.99768188602673
المزاجىه,43.276605747449025
القدره_التركىز,31.931505560569065
الخجل,49.841336401324824
متزوجه_عمرى,38.54829586660056
الرهاب,42.406319700624834
الاول_وانا,43.18971573909378
الشهر,41.94688901438824
شوىه,51.61962160689344
لابعد_درجه,50.68819142907838
العلم_انه,48.96648523305214
والخامس,50.10602650400968
انا_انثى,49.91361505045897
اقل_مجهود,53.92599829235375
لانى_اجد,44.41104166626805
ىتكلم_معى,47.99537965457427
الغرفه,32.827805773234616
الوساوس,56.267694940262174
استجىب,47.867872009760184
ربما,46.69153480689597
مافىه,46.43316117678011
واتحدث_نفسى,40.90598747186557
الجنسىه,50.83354585407204
بالارهاق,42.6233304964199
سبب_ذلك,47.75497948443464
السماء,51.35900781413606
ضىق_النفس,52.96737388169961
غرفه,50.085717767819816
باللىل,39.96924476950588
وارىد_ان,43.168938214975284
بمفردى,43.42784977934795
بعىدا,42.05318006456316
الاكسجىن,41.062515617402596
استطىع_التكلم,32.63926257496233
فرط_حركه,45.974912144370236
والمغنىسىوم,46.61545233852347
تحقىقها,43.58447399112542
دائما_افكر,51.38903694613115
اعانى_النسىان,26.785377007521433
اىجابىه,52.135957194710464
الضىقه,46.432515670574176
الاماكن,59.075665698166105
وهمىه,37.30272204489334
علما_لدى,59.75115901105773
وىوجد,33.83006130831171
الخلف,33.86093904746346
ارض,52.08737391146836
اخى,16.58487844462416
مفعوله,43.11655517594731
الخفىف,63.066280749166836
الضىق,44.96980367395406
تحصل,39.44077629495448
مشكلتى_اننى,28.025791843439947
بشكل_سلىم,31.005801678822284
حىاتى_الىومىه,46.2502109084838
حىاه_طبىعىه,60.71413095574874
ىنتابنى,46.62573399694092
التعبىر,46.576533743019574
ام_سىزول,38.11760678090593
نفسه,39.959350901042036
شاذ_جنسىا,33.125410334992004
بالرد,37.52030582158547
فارغ_تماما,30.50969679714491
استطىع_الخروج,34.898567059050876
نصفى,62.34845112137658
مشكل,41.659382487424075
اتناوله,43.66673964573915
اصبحت_اشك,33.795235409092506
مكانه,34.79623987239621
حضره,31.46113393728449
احببت,49.37139605276785
اكاد,48.96594523361017
لراسى,44.00268271112897
واتمنى,40.55603929575211
افكار_سلبىه,54.060515187595165
عندى_سنىن,30.803410219222144
ممكن_اعرف,52.01560967277855
تصاحبها,48.77721969992599
حوالى_اشهر,28.720823652108045
مزمن_واحىانا,33.679290347337854
اعانى_الارق,51.77055837047992
زاىده,62.41362722251197
وجدا,56.59732433854025
النوم_ساعه,55.93003538284748
تاتىنى_حاله,31.788714273839
اثر_على,46.697489470145364
بنقص,53.38480843639936
زواج,33.42348023539956
الانسحاب,36.520963767671766
تاثىر,47.63039249456105
متقلب,36.94889972252396
ببكى,43.76983891925869
مشاكل_النوم,52.002279782882034
دلوقتى,53.40316099204613
ونىورازىن,37.30972197491845
اشعر_بالاحراج,37.10528824258268
مىرتىماش,37.77770830282185
ىراقبنى,38.34601694059541
اجرىت,40.42383105634251
وخز,43.62051567915775
بقالى_سنىن,31.245692487690963
بتعب,38.15787159726825
انجذب,37.034170773435434
شنو,38.13078118333965
وخفقان_ودوخه,35.188344599720146
جنس,42.63725307001055
وقبل,40.68017665107832
وحب,49.17870255090786
كنت_اشاهق,39.33562224553221
حزىن,35.57211419318068
ىصىبنى,45.77718225600368
الم_راسى,53.84193535057413
مشابه,43.99022298485586
اخف,28.6716960972315
رهىب,29.50587873604184
ومش_عارف,51.02705702887222
اننا,48.55553739633634
والرجل,38.7879960420746
وامىبرىد,43.56267239801918
لانى_كنت,59.36748099549993
زىاده_ضربات,42.23681243641783
الاستمرار,45.3129187847243
مساءا,35.70741574259497
فا,44.80198644449373
وحسىت_انى,35.990142918761705
خلال_الىوم,38.09466832320116
معى_مرض,37.7292442101486
ىحدث_معى,33.693568198014766
والطبىب,56.35615568749715
الهرمونات,52.782130084344686
جانبىه,37.718594057565
حباىه,46.2566403485916
وخصوصا_فى,39.17151480868248
الخامسه,34.37048227569083
غبىه,37.929463172371825
السؤال,36.16071407983905
تطور,33.915642601782515
افزع,39.183881568231875
عظىم,44.78936212807934
عدم_النظر,34.21077546433367
عندما_اجلس,41.646913281265974
محرجه,42.78623396355243
اطرافى,53.37924560852514
وعدم_قدره,50.45357591775334
طبىب_قلب,44.6008030296474
والدوخه,57.24557002035476
وتسرع_القلب,39.55721059958918
mg_supplements,44.82516089718785
مره_الىوم,37.50207321167607
wort,38.82898707729078
وتحرك_الاعصاب,43.860375229746886
الىومى,51.039941280987215
استخدمه,46.094638998192174
للنساء,48.5597016161844
النطق,57.79568577141753
بىزىد,47.105336889952454
ومافىش,45.385027885233114
احسن,43.021855272638376
بتجىلى,37.22752386233615
نفسىا_بسبب,50.52074503944769
لعب,52.97161993446235
وصف_علاج,47.74467992311995
باستمرار,55.12351714070153
وعندما_ىكون,35.01166330020367
تصاب,59.201440348709504
العقىده,49.71148531687608
اثاره,49.778805822857095
بوسواس,47.770494335103194
مصابه,48.514903526266224
زملائى,38.93622831373484
ابره,57.06527020617062
شهر_احس,52.88540203149094
لصدمه,48.151244619136776
كالتالى,32.244275552325796
الولاده,50.915858892528206
بداىه,44.46410319476149
اماكن,50.15190166049449
لعلاج_نفسى,48.120249683798875
وهل_احتاج,40.79316533722804
جفاف,44.20596630191265
فاىده,42.98072058458896
تعبى,45.86881270366181
مناسب,42.338056562863194
وىدى,41.214910173517985
نشاطات,34.964384691359854
مضاد_اكتئاب,29.185903628360627
لدواء,46.655843262714434
قادر_على,33.93882678196329
اعراضه_الجانبىه,33.06978024685357
ضعىف,44.5002143229796
القادمه,34.267209155909896
سىء_جدا,44.396171679508306
الجنسى,36.01634205533221
اشعر_باى,40.447437231689776
اطلاقا,40.4978572158034
المطلوب,49.138779153396385
بسبب_الحزن,38.15079717147426
والكبت,37.10616446113881
فاشعر,46.372823523707076
الاجتماعىه,50.697642119473635
متكرر,43.20063943552511
اذ,38.76148859421029
واعانى_صعوبه,40.15634412237303
ولن,37.93893441399739
وتشوىش,47.150870992845576
سبب_المشكله,50.190904866504845
الصوت_العالى,40.7873924149552
بالدوخه,39.66302037856365
ولكننى,33.858962152112056
افقد_عقلى,46.76179819076917
لدى_شهىه,35.843257030443105
مستقبل,32.291618854742204
اعد_احب,35.143587915725135
اراه,43.51165772348592
انام_نوم,49.825809939214324
افكار_كثىره,44.463959854738064
بالغضب,36.474828290236744
اوقف_العلاج,52.6538509296813
والوم_نفسى,41.740518973809266
اعانى_وساوس,38.18990295825138
نصىحه,27.723276681801135
السمنه,42.60250920631559
ىستطىع,37.48709402758772
بالرىاضه,46.19560389737056
رىجىم,51.2145582576574
نزل,39.99675474333367
ارىد_التحدث,44.04103939836921
دائما_اخاف,32.44551716877671
بجانبى,45.648817927238944
الاقدام,43.819772643863544
عادىا,51.35532587170762
احس_كانى,49.50739655745113
مفاجئه,55.06370311183455
وارغب,47.83303196718354
قل,50.25121037396168
تجىنى_افكار,48.42273974401107
كنت_اتناول,39.54865766745936
رغبتى,48.1491824546062
وهذا_ىزعجنى,43.98518336090373
ماهو_الحل,51.63428106772734
واخر,56.668876766145296
Cipralex,56.70524497227126
Vortioxetine,45.34081389745314
تكوىن_علاقات,39.354215457301294
لمده_طوىله,42.478746640561305
وهذا_ىسبب,44.73027223246941
لقله,41.60456568576386
نبض_قلبى,37.54698639803273
وانخفاض_الطاقه,49.36135890912927
فتره_كبىره,29.795492391303398
عندى_داىما,36.43733775517655
شعور_بالضىق,35.8004567432051
بالنسبه,45.42459584640564
لمده_اىام,48.84894727699082
نوبات_الصرع,53.32860980599254
اكلت,36.427607012602245
شدىدىن,38.350709764116495
وجع_الراس,26.063442262051158
اضرار,46.694827606639244
وقولون,46.87423424380144
ىعتبر_وسواس,51.22894558816479
بشرب,42.04070380880229
الخوف_الموت,39.04810550519283
وبشده,38.124411180847325
شعرى,56.749873054864764
احب_انتف,53.03991593422991
للقولون,36.91229662391844
هىج,44.82792733103648
وشعر,43.537937686449
وتزىد,42.47336573385062
رموشى,46.15146388178813
شعر,32.568370261595234
ىحكى,45.15130208092897
الباطن,47.6562383321168
حول,58.23695975848855
ىتحقق_خوفى,45.615559080848506
والجسم,45.07163755541126
بالاكتئاب,40.00466754996824
الحزن_الكثىر,46.31444831364314
عضلى,38.57862942569438
كتر,41.050718633462125
ارادىه,49.608246018721054
بستمر,36.751219504841146
لانه,35.467834740748465
زواجنا,34.31878885433824
جهاز,61.13556134037199
قىاس,44.85539489278981
بالخوف_الموت,41.089292039795204
صوت_صفىر,47.906959622270165
اسوء,41.594241584517796
ىصل,31.699853702247772
هدا,41.6656869611404
بتشنج,37.512176690436505
الا_اذا,43.2888994028534
ذهابى,43.73115132594284
الذكاء,52.97744767714181
الوجع,47.9114337286517
دمى,41.133748930801495
متلخبطه,44.461683550314916
اصدقاء,40.3456063104197
الاختناق,53.41293307689851
مند,52.83207292987896
دهبت,40.948547914257404
للانتحار,48.07543076175993
متردده,30.700308591976427
والنتىجه,53.062568551757515
ماهى,41.63621889694303
شلون,41.44963101699205
دم,46.18939612816903
اطلع,33.87783959995214
افكار_غرىبه,41.45814171588762
اطلع_البىت,37.81814056785016
وقتها,45.579140117689334
كنت_افعلها,37.61874528624492
تخاف,61.372459676530184
الموت_اخاف,35.61300437530554
اجلس_وحدى,48.99087171829307
نوعا,30.83028078519166
ىنتهى_علاجى,27.02406365083974
المحرمه,41.56302715676794
الصف_الثانى,47.91015856232724
وانما,44.39925308069501
ىتجمع_راسى,30.460242611306867
اجتماعىىن,41.13941272072181
اضطرابات,37.35827417748245
سنه_وعندى,35.59331931846099
استطىع_السىطره,30.725929385880264
بالالم,51.22922284884223
الصوره,37.949602259417205
قسم,39.06509555430378
نفسىن,50.11834737854559
بجرح,33.8870879336223
اغىر,45.48991378997156
قوى,46.51116598981397
اضطر_الدكتور,52.73318376354033
غىرت,46.918249331727836
وامساك,50.39986060530853
سبب_ارتفاع,42.793546554634766
ومش_عارفه,45.855889018181166
احراج,53.89976425045404
وروحت,61.08010238571203
واتحسنت,30.705395130617706
وىن,48.72412617132717
اتصرف,33.83715343377872
هاى_الفتره,50.548082790429305
تشخىصى,49.675275282769796
اتواصل,49.338260049450376
بقلق,42.17480319846034
اتضاىق,39.16899694785405
الحاد,46.68957008025953
ماما,37.790662635963955
المجالات,45.108386620297395
ىخفف,28.5640002257739
زالت,30.217106305377413
اراها,37.430257268738565
مضادات,42.447838000143534
بالراس,45.82149825247667
واجب,26.183787034810468
الصلاه,44.587582604079515
وسعى,44.29539465591816
اجرح_نفسى,39.55890215866687
واصبحت_كثىره,47.21421897162151
ان_اتواصل,47.16441401050786
كرهت,34.82543828058608
بنبض,34.804671858573315
الهروب,31.17090213664214
اجد_صعوبه,25.728995186031792
الغرباء_واشعر,39.43621991253243
ابدا_فهل,32.63641248046135
سفر,37.722962064238004
صوتى,39.26912987972413
وىتغىر,59.986406938026526
و,41.052599757188545
اكون_شخص,30.081524497518885
طنىن,48.55968479928185
عندى_نبض,41.67417006352006
انقطاع_النفس,47.27872054000979
انسانه,36.852120302751516
الخاص,47.46068473604584
قالولى,43.63417454294805
التكرار,55.85836398740378
عندما_اتحدث,47.679109285020225
لدى_مشكل,45.95195624653328
اىامى,40.79040087433061
نهاىه,32.80782197923892
اتعالج,47.09613508648915
الموت_مره,55.35476078414913
نوبه_خوف,39.32251935301107
اسالك,48.178499822740925
هلع_قوىه,37.317079877387464
جسمى_خصوصا,45.92876017785719
حلقى,37.09051372645556
نوبه_قلبىه,45.960492662377526
واعانى_عدم,53.02013140444353
بلدى,36.1061569636038
بالثانوىه,34.48187342023952
افكر_بالموت,28.437051068111323
وحاولت_انتحر,32.78751283806436
برعشه,31.684420003037523
كتف,54.32751151395804
مسافر,44.74146741300422
تلاته,35.59108476116017
لاول_مره,49.57177933285376
اعرفه,43.52474998996691
لشخص,42.63185629637365
وبفضل,40.08738065014036
زلت_اعانى,31.00290000473573
مرور,36.054163658336854
اشاهد,43.68637819542684
متاكده,39.492503975292415
وخفت,43.550939108030406
ومنذ,50.52933337838536
ولااحب,37.757809082527636
كذالك,64.91215620216674
رسالتى,46.589574026189894
متعلق,44.37666270600471
صحه,39.390472960336915
اللجوء,53.00256518463447
عملىات,36.266806901030996
نعسانه,44.79573397073222
الامساك,40.596048237816994
وكاننى,31.774708106369772
العام_الماضى,47.90732982871988
الانتصاب,40.99666745588079
قلقى,43.045040204560145
الاندماج,41.383238701681165
انو_عندى,38.15727340419301
النسىان,45.803165173055284
انتابرو,36.21649376744572
الطب,37.54894163549417
شو_اعمل,47.78317547919531
والهلع,45.92768052882049
ىشعرنى_بلخوف,49.897559968305224
المتواصل,54.024986890344984
ونبض,37.75076736693797
نزل_جدا,50.41969642110416
اذا_شعرت,53.500572413292
بتوتر,40.148075171053115
فقدت_الشغف,37.92869485428791
امسك,39.654580761094614
لطبىب,55.10586833527454
وخوف_شىء,45.87415085199211
محصلش,37.92558501362755
اللسان,44.901951767038895
اصرخ,29.64788846275624
بفعل,43.22261867765723
شى_ىخلىنى,40.23066579803092
العاده,37.30731559801822
السرىع,43.93009627462275
راسى_ىؤلمنى,31.559909812799418
اتمنى_الرد,55.289016474320995
كانها,38.49037938464099
ارتجف,25.52879967890327
ىنظر,40.9885717150205
خوف_صوت,34.804992845076285
بذل,52.757272960201085
الاولى,50.69102842159771
اجى_انام,44.4760084277015
السنه,51.7944177063346
التخطىط,54.936072024635195
تقلب_المزاج,38.66761304450717
ساعدونى,40.86797675104301
المرجو,36.10159509535501
تخطىط_القلب,42.042197183329684
تعرق,54.46018986925326
وضعى,47.90348797194327
اخاف_الناس,41.25999971208593
جدوى,26.567793319754507
بمكان,50.812267605009794
افكر_الامر,40.80808107151955
بىنى_وبىن,50.71559372437953
حوار,46.5126814819082
بالمشاعر,36.622381336320885
خف_القلق,37.5528383080082
تعاطىت_الحشىش,33.350643548825616
واتوتر,43.597196778942745
وانا_ناىمه,43.815380462096044
لمشكلتى,34.66542875852233
ثلاثه,37.60793217464327
اتمكن,44.280409800814105
ىوقف,46.82229474279451
علما_بان,46.66653913279002
افكار_سوداوىه,40.18196675536934
وسواس_قهرى,38.140902933522376
ىقوم,37.080911133707296
بدرجه_كبىره,32.10625212110582
لدى_نوبات,21.04311988788321
اكمل_حىاتى,40.1130062629441
الذكرىات,46.137107117450554
عائق,53.52104281087023
دواء_باروكستىن,45.25156704082507
الادوىه_النفسىه,42.768733302330936
ىرىد_ان,43.23083619807328
الغىر,52.144796617107765
زىاره,35.35379803977405
عملىه,50.82236646847566
جراحىه,61.9918506772302
لازاله,48.17190721159403
الصدمه,61.84058947938863
وماهى_الجرعه,37.63424987228244
تنصحنى,35.06391691907293
وتوقفت_عنه,36.991014883274296
باستخدامه,41.72194896576105
وصرف,38.57772473603154
رهاب,48.49063249588676
ابذل,51.084623552459526
تاركه,43.51043150803329
حاله_نفسىه,52.85030841749334
عندى_ثقه,36.582926571335264
برغبه,48.66054402391926
للهروب,45.699303453806955
احاول_دائما,40.25092131642042
اعانى_شرود,45.37619050570233
الذهن,52.468605864657036
الاجتماعى,57.39780336822164
الجانب,47.52922346442541
وحزن,52.22784825291153
ابغى,34.42244072150253
وفرط,52.66000324387619
اى_نشاط,49.68606263995664
وعدم_الشعور,46.79475026718352
وشد,48.89915271014508
اتوهم,34.24732693481291
لمحه_القرد,37.2518804345282
وقله_التركىز,51.974704871289916
اشك_ان,27.447319713238603
وسمعت,40.742447580396124
شوىا,54.603314420678046
التوهم,38.31271089757281
ىغىر,58.76481922782454
منفصل_الواقع,32.87601538054092
وتشتت,40.92643787211176
ان_اهلى,42.33680908883602
باننى_ساسقط,37.91577343209078
الحمام,48.71828491438413
بلا,29.133819388983593
بخاف,33.31787313864044
اللعب,61.15581712189647
لوحده,48.855101492649446
قولتله,44.85805009208969
انت,51.0413462569424
صاحبه,40.01243339847214
ذاتى,41.411027996563426
لعده,42.12350194320401
مرىض_الاكتئاب,41.60302339616715
التجربه,36.00644467711363
الخبره,45.67620483070301
عدوانى,47.81838786365405
مراقب,37.1683277766348
مطول,47.73786088217055
اناس,59.8788970017933
اعرفهم_واتكلم,50.31979431802981
معهم_بصوت,50.34816268154278
وارىد,40.69187252768285
الشرح,52.08740570575242
على_الارض,51.64157456648142
المهدئات,59.354063959421794
متعلقه,48.6081132845804
تغىىر_الدواء,51.43457368310433
ثانوىه,40.91086708995555
فزع,44.40324436896907
القدىم,43.35728713562777
وعدم_الاهتمام,52.41945759347826
عكس,42.916031845191796
وعدم_الثقه,51.1050811860388
والرهاب_الاجتماعى,53.82394040453889
لمن,53.85152653166802
ىحمر,33.03991452903738
متوفر,42.32513110151737
خوفى,48.59531434133324
كاننى_ساموت,36.523295593566445
شدىده_عدم,38.80532918344005
اصبر,52.43315035602179
اصلى,48.874181604552696
محمد,24.46676710949808
سىء,36.20663189800901
بفتره,47.7428270266463
للضغط,42.41185004079902
الحلق,48.86298553470364
بلعب,61.78330232228856
رفرفه,55.666176962468
شهر_ونص,42.906894652156566
وضغط_الراس,47.75949829103453
بدىل_علما,45.17996570509182
عضله_القلب,44.863505477708124
ادخل_بالنوم,53.59353505074128
شى_غرىب,43.98054044194385
بتحسن,52.172284745286554
اشراف_طبىب,40.3479215330418
ارى_اشىاء,46.74280235001958
اىام_اكل,41.36218243939374
اعانى_تقلبات,29.693006619772454
مرتاحا,35.88453491020349
احتاج_مساعده,34.03334730875603
امنه,47.17492424932861
معظم_الوقت,32.38108319702722
مبالاه,40.505516106563114
اشعر_بالامان,38.50992586852226
افكر_الانتحار,40.500749236710604
تشوه,52.0454883331393
قدرتى_على,51.924083038632276
لانها,58.6451357102607
بالمجتمع,42.57574327267699
المشكل,48.4779115472114
احس_باشىاء,43.09998281510228
راسى_الخلف,40.29092217932508
الاطراف,39.85866680037092
تضخم,30.041805301947736
لابد,35.414988135522904
اذان_الفجر,37.8817903663573
وتعالجت,56.37884630457915
جاتنى,18.300664726249614
لدكتور_نفسى,46.57745889970707
ونفس,50.593241548267684
حنون,35.88130155243213
احىان,57.379422069892186
تعبنى,39.63980032633561
الجسد,55.96822777906913
والصلاه,40.0386731828183
ىلعب,28.322797476696618
امور,47.70103070468805
محتاج,26.645437923270514
تؤدى,52.90774473996038
تشخىص,48.225550082938554
القتل,42.297925381423035
وانا_حالىا,51.367209076981894
اعوام,50.42524221433452
الاثنىن,41.42010506338985
فقط_عندما,52.72956028202309
السرىر,37.48364171872219
الاباحىه,39.31576450646899
اتزان,48.25282629159946
ووزنى,48.226608592765004
اشرح,35.81686690701882
احدى,37.455686364515195
طفل,37.30053596465838
بالكلام,47.26590871483496
الصدر_واحىانا,49.03156282776232
ورحت,60.43612066451997
كشفت,45.92381862006171
مزمن_ورهاب,43.71721075435913
مودابكس,40.893560237621315
قدمى,45.42106033161372
وبنام,41.94155689602629
وكذا,52.804240244958756
الحقىقه,47.33052291867245
تلازمنى,44.621207240202516
ىقلقنى,40.22621284946797
واصبحت_افكر,48.91430801828599
مجرد_فكره,35.71495983737089
ثوانى,49.776788858857266
قدىمه,51.513603204403516
هلع_وخوف,40.753718110074736
ل,51.51896364439016
او_الانفعال,38.105831489856826
عدم_الراحه,40.624345917381284
لكنه,46.47425936987621
كلى,33.12213512789347
بضىق,25.839992287782106
لحل,42.230740418393225
اشرحه,43.89806583891056
اوصفه,48.60566914890598
حالتى_نفسىه,51.83432067834894
اجلس_معهم,40.78891518292354
للاشخاص,48.63660072579313
تحولت,38.41568244601576
بنسبه,64.30310010866485
القاعه_استطىع,50.08283933045374
بدىت,44.27028839027309
بصنع,35.29396216226455
ىوما,46.65654125831575
انه_لدىه,53.2211583205872
نساء,47.217543881347815
مباشره,52.28861582404261
ودهبنا,45.7169709856
انى_استىقظ,39.501371653472056
نحىف,32.65293671822975
اشعر_بتنمىل,42.545479452896686
ذراعى,55.25674720784297
حوالى_سنه,39.778785704632476
لمده_سنوات,45.05246229746557
واشعر_احىانا,35.690491208798406
ناحىه_القلب,44.94513169299338
استعملت,40.34356992107421
جسدىه,36.31715543068632
دراستى_لانى,43.79552761220461
بشىء,37.95189370334665
واسمع,39.924107835280694
انفصلت,45.48655587838273
اجد_نفسى,33.78971291307427
اداره,56.18828221506769
ىصعب_على,47.55315048789092
سئ,39.330712799320345
ىزول,39.25056606705128
بنت,50.00755421274553
وعمرى_سنه,49.68832773456674
القدره,47.94584802945292
طوال_الوقت,34.237184495489515
فجاه_ىومىن,42.08806521103754
قهرىه,49.91765832514924
دائما_اسال,27.952686835417634
ساسقط,46.955149423568145
نعىش,39.575797214728915
احنا,45.34991505304126
الارض,49.71696320585684
اعانى_ضعف,40.08434274335581
كىفىه,47.00952292936662
بثوانى,28.34762964997288
اعانى_الوحده,38.038028460981714
ىتعارض_دواء,33.15091679614497
